ticker,model_variant,feature,dag_prefix,gain,gain_share,rank_within_ticker,model_path
SPY,CAUSAL_CONSTRAINED,VOL__QQQ__ewma_vol__span21,VOL,0.6357675790786743,0.2059265859032212,1,/content/riskml-capstone/reports/models/notebook04_xgb_causal_SPY.json
SPY,CAUSAL_CONSTRAINED,VOL__XLV__rvol__10d,VOL,0.1701434999704361,0.05510987224814273,2,/content/riskml-capstone/reports/models/notebook04_xgb_causal_SPY.json
SPY,CAUSAL_CONSTRAINED,MACRO__vixcls,MACRO,0.16270853579044342,0.052701670193993674,3,/content/riskml-capstone/reports/models/notebook04_xgb_causal_SPY.json
SPY,CAUSAL_CONSTRAINED,VOL__DBC__ewma_vol__span21,VOL,0.13176046311855316,0.0426775180426011,4,/content/riskml-capstone/reports/models/notebook04_xgb_causal_SPY.json
SPY,CAUSAL_CONSTRAINED,VOL__SPY__ewma_vol__span21,VOL,0.12221989780664444,0.039587306923130124,5,/content/riskml-capstone/reports/models/notebook04_xgb_causal_SPY.json
SPY,CAUSAL_CONSTRAINED,VOL__EEM__rvol__21d,VOL,0.12026626616716385,0.03895452112707907,6,/content/riskml-capstone/reports/models/notebook04_xgb_causal_SPY.json
SPY,CAUSAL_CONSTRAINED,VOL__XLK__rvol__21d,VOL,0.11789363622665405,0.038186020814482156,7,/content/riskml-capstone/reports/models/notebook04_xgb_causal_SPY.json
SPY,CAUSAL_CONSTRAINED,VOL__XLK__ewma_vol__span21,VOL,0.10041260719299316,0.0325238751728413,8,/content/riskml-capstone/reports/models/notebook04_xgb_causal_SPY.json
SPY,CAUSAL_CONSTRAINED,VOL__LQD__rvol__21d,VOL,0.08715415000915527,0.028229430296982175,9,/content/riskml-capstone/reports/models/notebook04_xgb_causal_SPY.json
SPY,CAUSAL_CONSTRAINED,VOL__IWM__rvol__63d,VOL,0.08188212662935257,0.02652180975902079,10,/content/riskml-capstone/reports/models/notebook04_xgb_causal_SPY.json
SPY,CAUSAL_CONSTRAINED,VOL__XLE__rvol__21d,VOL,0.07502495497465134,0.024300756037075297,11,/content/riskml-capstone/reports/models/notebook04_xgb_causal_SPY.json
SPY,CAUSAL_CONSTRAINED,VOL__QQQ__rvol__21d,VOL,0.06819535046815872,0.022088631378046026,12,/content/riskml-capstone/reports/models/notebook04_xgb_causal_SPY.json
SPY,CAUSAL_CONSTRAINED,REGIME__vix_high,REGIME,0.06748045235872269,0.021857074230765616,13,/content/riskml-capstone/reports/models/notebook04_xgb_causal_SPY.json
SPY,CAUSAL_CONSTRAINED,VOL__LQD__ewma_vol__span21,VOL,0.06488888710737228,0.02101766026579215,14,/content/riskml-capstone/reports/models/notebook04_xgb_causal_SPY.json
SPY,CAUSAL_CONSTRAINED,VOL__QQQ__rvol__63d,VOL,0.0639951303601265,0.02072817039300718,15,/content/riskml-capstone/reports/models/notebook04_xgb_causal_SPY.json
SPY,CAUSAL_CONSTRAINED,MACRO__t10y2y,MACRO,0.060640063136816025,0.019641456377527903,16,/content/riskml-capstone/reports/models/notebook04_xgb_causal_SPY.json
SPY,CAUSAL_CONSTRAINED,VOL__DBC__rvol__63d,VOL,0.05085529014468193,0.016472145826920418,17,/content/riskml-capstone/reports/models/notebook04_xgb_causal_SPY.json
SPY,CAUSAL_CONSTRAINED,VOL__XLK__rvol__63d,VOL,0.049505576491355896,0.016034970460131227,18,/content/riskml-capstone/reports/models/notebook04_xgb_causal_SPY.json
SPY,CAUSAL_CONSTRAINED,MACRO__dtb3,MACRO,0.046205513179302216,0.014966072338430066,19,/content/riskml-capstone/reports/models/notebook04_xgb_causal_SPY.json
SPY,CAUSAL_CONSTRAINED,VOL__GLD__rvol__63d,VOL,0.03889797255396843,0.01259914306766607,20,/content/riskml-capstone/reports/models/notebook04_xgb_causal_SPY.json
SPY,CAUSAL_CONSTRAINED,VOL__DBC__ewma_vol__span63,VOL,0.038885168731212616,0.012594995879930522,21,/content/riskml-capstone/reports/models/notebook04_xgb_causal_SPY.json
SPY,CAUSAL_CONSTRAINED,VOL__XLK__ewma_vol__span63,VOL,0.03561878576874733,0.01153700690117876,22,/content/riskml-capstone/reports/models/notebook04_xgb_causal_SPY.json
SPY,CAUSAL_CONSTRAINED,VOL__XLV__ewma_vol__span21,VOL,0.028653396293520927,0.00928090117745153,23,/content/riskml-capstone/reports/models/notebook04_xgb_causal_SPY.json
SPY,CAUSAL_CONSTRAINED,VOL__TLT__rvol__63d,VOL,0.028210772201418877,0.00913753421266044,24,/content/riskml-capstone/reports/models/notebook04_xgb_causal_SPY.json
SPY,CAUSAL_CONSTRAINED,VOL__DBC__rvol__21d,VOL,0.02796630747616291,0.009058351524045391,25,/content/riskml-capstone/reports/models/notebook04_xgb_causal_SPY.json
SPY,CAUSAL_CONSTRAINED,VOL__XLF__rvol__21d,VOL,0.027288248762488365,0.008838726742059379,26,/content/riskml-capstone/reports/models/notebook04_xgb_causal_SPY.json
SPY,CAUSAL_CONSTRAINED,VOL__LQD__rvol__63d,VOL,0.024767059832811356,0.008022107830069946,27,/content/riskml-capstone/reports/models/notebook04_xgb_causal_SPY.json
SPY,CAUSAL_CONSTRAINED,VOL__TLT__rvol__21d,VOL,0.021867411211133003,0.007082904950541997,28,/content/riskml-capstone/reports/models/notebook04_xgb_causal_SPY.json
SPY,CAUSAL_CONSTRAINED,VOL__TLT__rvol__10d,VOL,0.020294664427638054,0.006573488638240061,29,/content/riskml-capstone/reports/models/notebook04_xgb_causal_SPY.json
SPY,CAUSAL_CONSTRAINED,VOL__XLV__rvol__63d,VOL,0.019833752885460854,0.006424198326171169,30,/content/riskml-capstone/reports/models/notebook04_xgb_causal_SPY.json
SPY,CAUSAL_CONSTRAINED,VOL__XLE__rvol__10d,VOL,0.01900886930525303,0.006157016631115273,31,/content/riskml-capstone/reports/models/notebook04_xgb_causal_SPY.json
SPY,CAUSAL_CONSTRAINED,VOL__QQQ__rvol__10d,VOL,0.01863846927881241,0.006037043207849629,32,/content/riskml-capstone/reports/models/notebook04_xgb_causal_SPY.json
SPY,CAUSAL_CONSTRAINED,VOL__TLT__ewma_vol__span63,VOL,0.018471429124474525,0.005982938516412869,33,/content/riskml-capstone/reports/models/notebook04_xgb_causal_SPY.json
SPY,CAUSAL_CONSTRAINED,VOL__XLE__rvol__63d,VOL,0.018439291045069695,0.0059725289183347255,34,/content/riskml-capstone/reports/models/notebook04_xgb_causal_SPY.json
SPY,CAUSAL_CONSTRAINED,VOL__XLV__ewma_vol__span63,VOL,0.01779751665890217,0.005764656713754661,35,/content/riskml-capstone/reports/models/notebook04_xgb_causal_SPY.json
SPY,CAUSAL_CONSTRAINED,VOL__EFA__rvol__21d,VOL,0.01753191091120243,0.005678626399186968,36,/content/riskml-capstone/reports/models/notebook04_xgb_causal_SPY.json
SPY,CAUSAL_CONSTRAINED,VOL__LQD__ewma_vol__span63,VOL,0.01688401587307453,0.005468771701313478,37,/content/riskml-capstone/reports/models/notebook04_xgb_causal_SPY.json
SPY,CAUSAL_CONSTRAINED,VOL__DBC__rvol__10d,VOL,0.016120268031954765,0.005221392013219494,38,/content/riskml-capstone/reports/models/notebook04_xgb_causal_SPY.json
SPY,CAUSAL_CONSTRAINED,VOL__XLF__ewma_vol__span63,VOL,0.016042573377490044,0.005196226535357229,39,/content/riskml-capstone/reports/models/notebook04_xgb_causal_SPY.json
SPY,CAUSAL_CONSTRAINED,VOL__SPY__rvol__10d,VOL,0.01538186427205801,0.004982221331515349,40,/content/riskml-capstone/reports/models/notebook04_xgb_causal_SPY.json
SPY,CAUSAL_CONSTRAINED,VOL__IWM__ewma_vol__span63,VOL,0.015109279192984104,0.00489393039541069,41,/content/riskml-capstone/reports/models/notebook04_xgb_causal_SPY.json
SPY,CAUSAL_CONSTRAINED,VOL__HYG__ewma_vol__span63,VOL,0.014699640683829784,0.004761247537050912,42,/content/riskml-capstone/reports/models/notebook04_xgb_causal_SPY.json
SPY,CAUSAL_CONSTRAINED,VOL__GLD__rvol__21d,VOL,0.014298212714493275,0.004631224091484021,43,/content/riskml-capstone/reports/models/notebook04_xgb_causal_SPY.json
SPY,CAUSAL_CONSTRAINED,VOL__XLV__rvol__21d,VOL,0.014236916787922382,0.004611370199426785,44,/content/riskml-capstone/reports/models/notebook04_xgb_causal_SPY.json
SPY,CAUSAL_CONSTRAINED,VOL__SPY__ewma_vol__span63,VOL,0.014201654121279716,0.0045999485403322915,45,/content/riskml-capstone/reports/models/notebook04_xgb_causal_SPY.json
SPY,CAUSAL_CONSTRAINED,VOL__GLD__ewma_vol__span63,VOL,0.013684427365660667,0.004432417600681702,46,/content/riskml-capstone/reports/models/notebook04_xgb_causal_SPY.json
SPY,CAUSAL_CONSTRAINED,VOL__LQD__rvol__10d,VOL,0.012798450887203217,0.004145447774910319,47,/content/riskml-capstone/reports/models/notebook04_xgb_causal_SPY.json
SPY,CAUSAL_CONSTRAINED,VOL__EEM__rvol__63d,VOL,0.012767467647790909,0.004135412232170558,48,/content/riskml-capstone/reports/models/notebook04_xgb_causal_SPY.json
SPY,CAUSAL_CONSTRAINED,VOL__XLE__ewma_vol__span63,VOL,0.012621988542377949,0.004088291214232902,49,/content/riskml-capstone/reports/models/notebook04_xgb_causal_SPY.json
SPY,CAUSAL_CONSTRAINED,VOL__XLF__rvol__63d,VOL,0.01243599783629179,0.004028048395356301,50,/content/riskml-capstone/reports/models/notebook04_xgb_causal_SPY.json
SPY,CAUSAL_CONSTRAINED,VOL__HYG__rvol__63d,VOL,0.012237819842994213,0.0039638580860296415,51,/content/riskml-capstone/reports/models/notebook04_xgb_causal_SPY.json
SPY,CAUSAL_CONSTRAINED,VOL__EFA__rvol__63d,VOL,0.012222614139318466,0.0039589329235217635,52,/content/riskml-capstone/reports/models/notebook04_xgb_causal_SPY.json
SPY,CAUSAL_CONSTRAINED,VOL__IWM__rvol__10d,VOL,0.012110820971429348,0.003922722858478697,53,/content/riskml-capstone/reports/models/notebook04_xgb_causal_SPY.json
SPY,CAUSAL_CONSTRAINED,VOL__EEM__ewma_vol__span63,VOL,0.011176039464771748,0.0036199449714552257,54,/content/riskml-capstone/reports/models/notebook04_xgb_causal_SPY.json
SPY,CAUSAL_CONSTRAINED,VOL__EFA__ewma_vol__span63,VOL,0.010976340621709824,0.003555262055380519,55,/content/riskml-capstone/reports/models/notebook04_xgb_causal_SPY.json
SPY,CAUSAL_CONSTRAINED,VOL__GLD__rvol__10d,VOL,0.010797055438160896,0.0034971911707267827,56,/content/riskml-capstone/reports/models/notebook04_xgb_causal_SPY.json
SPY,CAUSAL_CONSTRAINED,VOL__EEM__ewma_vol__span21,VOL,0.010526939295232296,0.0034096999287366813,57,/content/riskml-capstone/reports/models/notebook04_xgb_causal_SPY.json
SPY,CAUSAL_CONSTRAINED,VOL__SPY__rvol__21d,VOL,0.010040479712188244,0.0032521345472786723,58,/content/riskml-capstone/reports/models/notebook04_xgb_causal_SPY.json
SPY,CAUSAL_CONSTRAINED,VOL__HYG__rvol__21d,VOL,0.009504550136625767,0.003078545721091475,59,/content/riskml-capstone/reports/models/notebook04_xgb_causal_SPY.json
SPY,CAUSAL_CONSTRAINED,VOL__EFA__rvol__10d,VOL,0.009427625685930252,0.0030536297140073077,60,/content/riskml-capstone/reports/models/notebook04_xgb_causal_SPY.json
SPY,CAUSAL_CONSTRAINED,VOL__SPY__rvol__63d,VOL,0.009072124026715755,0.0029384819062643268,61,/content/riskml-capstone/reports/models/notebook04_xgb_causal_SPY.json
SPY,CAUSAL_CONSTRAINED,VOL__HYG__rvol__10d,VOL,0.00888422504067421,0.0028776209911068012,62,/content/riskml-capstone/reports/models/notebook04_xgb_causal_SPY.json
SPY,CAUSAL_CONSTRAINED,VOL__QQQ__ewma_vol__span63,VOL,0.007490995340049267,0.0024263506761838093,63,/content/riskml-capstone/reports/models/notebook04_xgb_causal_SPY.json
SPY,CAUSAL_CONSTRAINED,VOL__XLF__ewma_vol__span21,VOL,0.007013953756541014,0.002271835806507568,64,/content/riskml-capstone/reports/models/notebook04_xgb_causal_SPY.json
SPY,CAUSAL_CONSTRAINED,VOL__XLE__ewma_vol__span21,VOL,0.006489404942840338,0.0021019332353486224,65,/content/riskml-capstone/reports/models/notebook04_xgb_causal_SPY.json
SPY,CAUSAL_CONSTRAINED,VOL__GLD__ewma_vol__span21,VOL,0.006404391489923,0.0020743971817793585,66,/content/riskml-capstone/reports/models/notebook04_xgb_causal_SPY.json
SPY,CAUSAL_CONSTRAINED,VOL__EEM__rvol__10d,VOL,0.006243384908884764,0.0020222467786568813,67,/content/riskml-capstone/reports/models/notebook04_xgb_causal_SPY.json
SPY,CAUSAL_CONSTRAINED,VOL__EFA__ewma_vol__span21,VOL,0.005137104075402021,0.0016639198639384445,68,/content/riskml-capstone/reports/models/notebook04_xgb_causal_SPY.json
SPY,CAUSAL_CONSTRAINED,VOL__XLF__rvol__10d,VOL,0.004812764469534159,0.0015588655171811679,69,/content/riskml-capstone/reports/models/notebook04_xgb_causal_SPY.json
SPY,CAUSAL_CONSTRAINED,VOL__TLT__ewma_vol__span21,VOL,0.004005302209407091,0.0012973266278992889,70,/content/riskml-capstone/reports/models/notebook04_xgb_causal_SPY.json
SPY,CAUSAL_CONSTRAINED,VOL__HYG__ewma_vol__span21,VOL,0.0037010572850704193,0.0011987809948586306,71,/content/riskml-capstone/reports/models/notebook04_xgb_causal_SPY.json
SPY,CAUSAL_CONSTRAINED,VOL__IWM__ewma_vol__span21,VOL,0.003291766159236431,0.0010662106547578987,72,/content/riskml-capstone/reports/models/notebook04_xgb_causal_SPY.json
SPY,CAUSAL_CONSTRAINED,VOL__XLK__rvol__10d,VOL,0.0029876658227294683,0.000967711854048921,73,/content/riskml-capstone/reports/models/notebook04_xgb_causal_SPY.json
SPY,CAUSAL_CONSTRAINED,VOL__IWM__rvol__21d,VOL,0.002342462306842208,0.0007587289464398863,74,/content/riskml-capstone/reports/models/notebook04_xgb_causal_SPY.json
TLT,CAUSAL_CONSTRAINED,VOL__LQD__rvol__63d,VOL,0.11336376518011093,0.13336246181057304,1,/content/riskml-capstone/reports/models/notebook04_xgb_causal_TLT.json
TLT,CAUSAL_CONSTRAINED,VOL__TLT__rvol__63d,VOL,0.07546387612819672,0.08877658820024913,2,/content/riskml-capstone/reports/models/notebook04_xgb_causal_TLT.json
TLT,CAUSAL_CONSTRAINED,VOL__TLT__rvol__21d,VOL,0.06272836029529572,0.07379437813334858,3,/content/riskml-capstone/reports/models/notebook04_xgb_causal_TLT.json
TLT,CAUSAL_CONSTRAINED,VOL__LQD__ewma_vol__span21,VOL,0.05104411020874977,0.06004888940971228,4,/content/riskml-capstone/reports/models/notebook04_xgb_causal_TLT.json
TLT,CAUSAL_CONSTRAINED,VOL__LQD__rvol__10d,VOL,0.04069870337843895,0.04787843158193869,5,/content/riskml-capstone/reports/models/notebook04_xgb_causal_TLT.json
TLT,CAUSAL_CONSTRAINED,VOL__XLV__ewma_vol__span21,VOL,0.032776109874248505,0.03855819974273842,6,/content/riskml-capstone/reports/models/notebook04_xgb_causal_TLT.json
TLT,CAUSAL_CONSTRAINED,MACRO__t10y2y,MACRO,0.030186645686626434,0.035511923727797254,7,/content/riskml-capstone/reports/models/notebook04_xgb_causal_TLT.json
TLT,CAUSAL_CONSTRAINED,VOL__LQD__rvol__21d,VOL,0.02672364003956318,0.03143800330337844,8,/content/riskml-capstone/reports/models/notebook04_xgb_causal_TLT.json
TLT,CAUSAL_CONSTRAINED,VOL__XLV__rvol__10d,VOL,0.02470068447291851,0.029058174668783403,9,/content/riskml-capstone/reports/models/notebook04_xgb_causal_TLT.json
TLT,CAUSAL_CONSTRAINED,VOL__QQQ__ewma_vol__span21,VOL,0.018905093893408775,0.022240173995450196,10,/content/riskml-capstone/reports/models/notebook04_xgb_causal_TLT.json
TLT,CAUSAL_CONSTRAINED,MACRO__dtb3,MACRO,0.01678798533976078,0.019749582683613157,11,/content/riskml-capstone/reports/models/notebook04_xgb_causal_TLT.json
TLT,CAUSAL_CONSTRAINED,MACRO__vixcls,MACRO,0.01665293425321579,0.019590707002806178,12,/content/riskml-capstone/reports/models/notebook04_xgb_causal_TLT.json
TLT,CAUSAL_CONSTRAINED,VOL__IWM__rvol__63d,VOL,0.016410907730460167,0.01930598416524992,13,/content/riskml-capstone/reports/models/notebook04_xgb_causal_TLT.json
TLT,CAUSAL_CONSTRAINED,VOL__GLD__rvol__63d,VOL,0.0148727772757411,0.017496509473744707,14,/content/riskml-capstone/reports/models/notebook04_xgb_causal_TLT.json
TLT,CAUSAL_CONSTRAINED,VOL__EEM__rvol__63d,VOL,0.014240656048059464,0.01675287465399072,15,/content/riskml-capstone/reports/models/notebook04_xgb_causal_TLT.json
TLT,CAUSAL_CONSTRAINED,VOL__QQQ__rvol__21d,VOL,0.01306862011551857,0.015374077848452655,16,/content/riskml-capstone/reports/models/notebook04_xgb_causal_TLT.json
TLT,CAUSAL_CONSTRAINED,VOL__LQD__ewma_vol__span63,VOL,0.012582438997924328,0.014802128684403901,17,/content/riskml-capstone/reports/models/notebook04_xgb_causal_TLT.json
TLT,CAUSAL_CONSTRAINED,VOL__SPY__rvol__10d,VOL,0.012111389078199863,0.014247980038844015,18,/content/riskml-capstone/reports/models/notebook04_xgb_causal_TLT.json
TLT,CAUSAL_CONSTRAINED,VOL__TLT__ewma_vol__span63,VOL,0.011119471862912178,0.013081077003002872,19,/content/riskml-capstone/reports/models/notebook04_xgb_causal_TLT.json
TLT,CAUSAL_CONSTRAINED,VOL__XLV__rvol__63d,VOL,0.010461706668138504,0.01230727431985312,20,/content/riskml-capstone/reports/models/notebook04_xgb_causal_TLT.json
TLT,CAUSAL_CONSTRAINED,VOL__GLD__rvol__10d,VOL,0.010392552241683006,0.012225920242185087,21,/content/riskml-capstone/reports/models/notebook04_xgb_causal_TLT.json
TLT,CAUSAL_CONSTRAINED,VOL__EFA__rvol__63d,VOL,0.010373634286224842,0.01220366493769414,22,/content/riskml-capstone/reports/models/notebook04_xgb_causal_TLT.json
TLT,CAUSAL_CONSTRAINED,REGIME__vix_high,REGIME,0.009938016533851624,0.01169119910901793,23,/content/riskml-capstone/reports/models/notebook04_xgb_causal_TLT.json
TLT,CAUSAL_CONSTRAINED,VOL__XLV__rvol__21d,VOL,0.008547555655241013,0.010055444637311858,24,/content/riskml-capstone/reports/models/notebook04_xgb_causal_TLT.json
TLT,CAUSAL_CONSTRAINED,VOL__EFA__rvol__21d,VOL,0.00839151255786419,0.00987187370896754,25,/content/riskml-capstone/reports/models/notebook04_xgb_causal_TLT.json
TLT,CAUSAL_CONSTRAINED,VOL__XLE__ewma_vol__span63,VOL,0.008261273615062237,0.009718659090450953,26,/content/riskml-capstone/reports/models/notebook04_xgb_causal_TLT.json
TLT,CAUSAL_CONSTRAINED,VOL__HYG__rvol__63d,VOL,0.007981165312230587,0.009389136400552115,27,/content/riskml-capstone/reports/models/notebook04_xgb_causal_TLT.json
TLT,CAUSAL_CONSTRAINED,VOL__SPY__rvol__63d,VOL,0.007141570094972849,0.008401426748177942,28,/content/riskml-capstone/reports/models/notebook04_xgb_causal_TLT.json
TLT,CAUSAL_CONSTRAINED,VOL__GLD__ewma_vol__span63,VOL,0.006741783581674099,0.007931113209037123,29,/content/riskml-capstone/reports/models/notebook04_xgb_causal_TLT.json
TLT,CAUSAL_CONSTRAINED,VOL__SPY__rvol__21d,VOL,0.00648037064820528,0.007623583970738307,30,/content/riskml-capstone/reports/models/notebook04_xgb_causal_TLT.json
TLT,CAUSAL_CONSTRAINED,VOL__XLF__rvol__63d,VOL,0.006437789183109999,0.007573490636209542,31,/content/riskml-capstone/reports/models/notebook04_xgb_causal_TLT.json
TLT,CAUSAL_CONSTRAINED,VOL__DBC__rvol__63d,VOL,0.006161483470350504,0.007248441357832219,32,/content/riskml-capstone/reports/models/notebook04_xgb_causal_TLT.json
TLT,CAUSAL_CONSTRAINED,VOL__HYG__rvol__21d,VOL,0.0061593009158968925,0.007245873775196738,33,/content/riskml-capstone/reports/models/notebook04_xgb_causal_TLT.json
TLT,CAUSAL_CONSTRAINED,VOL__QQQ__rvol__10d,VOL,0.00614513223990798,0.007229205578727826,34,/content/riskml-capstone/reports/models/notebook04_xgb_causal_TLT.json
TLT,CAUSAL_CONSTRAINED,VOL__XLK__rvol__63d,VOL,0.0059531996957957745,0.007003413884673711,35,/content/riskml-capstone/reports/models/notebook04_xgb_causal_TLT.json
TLT,CAUSAL_CONSTRAINED,VOL__DBC__rvol__10d,VOL,0.005820035468786955,0.006846757927536236,36,/content/riskml-capstone/reports/models/notebook04_xgb_causal_TLT.json
TLT,CAUSAL_CONSTRAINED,VOL__QQQ__rvol__63d,VOL,0.005771226715296507,0.00678933873796495,37,/content/riskml-capstone/reports/models/notebook04_xgb_causal_TLT.json
TLT,CAUSAL_CONSTRAINED,VOL__IWM__ewma_vol__span63,VOL,0.005728304851800203,0.006738844954768265,38,/content/riskml-capstone/reports/models/notebook04_xgb_causal_TLT.json
TLT,CAUSAL_CONSTRAINED,VOL__GLD__rvol__21d,VOL,0.005685466341674328,0.006688449229453328,39,/content/riskml-capstone/reports/models/notebook04_xgb_causal_TLT.json
TLT,CAUSAL_CONSTRAINED,VOL__XLF__ewma_vol__span63,VOL,0.0053949058055877686,0.0063466304098689745,40,/content/riskml-capstone/reports/models/notebook04_xgb_causal_TLT.json
TLT,CAUSAL_CONSTRAINED,VOL__DBC__ewma_vol__span63,VOL,0.005367320496588945,0.006314178729104459,41,/content/riskml-capstone/reports/models/notebook04_xgb_causal_TLT.json
TLT,CAUSAL_CONSTRAINED,VOL__XLE__rvol__63d,VOL,0.005268838722258806,0.006198323615724325,42,/content/riskml-capstone/reports/models/notebook04_xgb_causal_TLT.json
TLT,CAUSAL_CONSTRAINED,VOL__EEM__rvol__21d,VOL,0.005204999353736639,0.006123222234493541,43,/content/riskml-capstone/reports/models/notebook04_xgb_causal_TLT.json
TLT,CAUSAL_CONSTRAINED,VOL__HYG__rvol__10d,VOL,0.005149772856384516,0.006058253135837082,44,/content/riskml-capstone/reports/models/notebook04_xgb_causal_TLT.json
TLT,CAUSAL_CONSTRAINED,VOL__XLF__rvol__10d,VOL,0.004583178553730249,0.005391704958562225,45,/content/riskml-capstone/reports/models/notebook04_xgb_causal_TLT.json
TLT,CAUSAL_CONSTRAINED,VOL__DBC__rvol__21d,VOL,0.00438977126032114,0.005164178352153391,46,/content/riskml-capstone/reports/models/notebook04_xgb_causal_TLT.json
TLT,CAUSAL_CONSTRAINED,VOL__EFA__ewma_vol__span63,VOL,0.004311717115342617,0.005072354541323565,47,/content/riskml-capstone/reports/models/notebook04_xgb_causal_TLT.json
TLT,CAUSAL_CONSTRAINED,VOL__XLE__rvol__21d,VOL,0.004083890002220869,0.004804336055656305,48,/content/riskml-capstone/reports/models/notebook04_xgb_causal_TLT.json
TLT,CAUSAL_CONSTRAINED,VOL__XLE__rvol__10d,VOL,0.003913849592208862,0.004604298524700523,49,/content/riskml-capstone/reports/models/notebook04_xgb_causal_TLT.json
TLT,CAUSAL_CONSTRAINED,VOL__EEM__ewma_vol__span63,VOL,0.0038256999105215073,0.004500598206181934,50,/content/riskml-capstone/reports/models/notebook04_xgb_causal_TLT.json
TLT,CAUSAL_CONSTRAINED,VOL__XLF__rvol__21d,VOL,0.003790265182033181,0.0044589123763465865,51,/content/riskml-capstone/reports/models/notebook04_xgb_causal_TLT.json
TLT,CAUSAL_CONSTRAINED,VOL__SPY__ewma_vol__span21,VOL,0.0034884661436080933,0.004103872450912856,52,/content/riskml-capstone/reports/models/notebook04_xgb_causal_TLT.json
TLT,CAUSAL_CONSTRAINED,VOL__TLT__rvol__10d,VOL,0.0033653690479695797,0.003959059585091036,53,/content/riskml-capstone/reports/models/notebook04_xgb_causal_TLT.json
TLT,CAUSAL_CONSTRAINED,VOL__XLV__ewma_vol__span63,VOL,0.0032124482095241547,0.003779161718741791,54,/content/riskml-capstone/reports/models/notebook04_xgb_causal_TLT.json
TLT,CAUSAL_CONSTRAINED,VOL__DBC__ewma_vol__span21,VOL,0.0032049077562987804,0.003770291041204699,55,/content/riskml-capstone/reports/models/notebook04_xgb_causal_TLT.json
TLT,CAUSAL_CONSTRAINED,VOL__SPY__ewma_vol__span63,VOL,0.003032435430213809,0.0035673925756822857,56,/content/riskml-capstone/reports/models/notebook04_xgb_causal_TLT.json
TLT,CAUSAL_CONSTRAINED,VOL__QQQ__ewma_vol__span63,VOL,0.0029479642398655415,0.0034680196774813806,57,/content/riskml-capstone/reports/models/notebook04_xgb_causal_TLT.json
TLT,CAUSAL_CONSTRAINED,VOL__XLK__rvol__21d,VOL,0.002766526537016034,0.0032545742376724465,58,/content/riskml-capstone/reports/models/notebook04_xgb_causal_TLT.json
TLT,CAUSAL_CONSTRAINED,VOL__IWM__rvol__21d,VOL,0.0020184870809316635,0.0023745718556383313,59,/content/riskml-capstone/reports/models/notebook04_xgb_causal_TLT.json
TLT,CAUSAL_CONSTRAINED,VOL__EFA__rvol__10d,VOL,0.001965479226782918,0.0023122127948454847,60,/content/riskml-capstone/reports/models/notebook04_xgb_causal_TLT.json
TLT,CAUSAL_CONSTRAINED,VOL__XLE__ewma_vol__span21,VOL,0.0019588652066886425,0.002304431984100219,61,/content/riskml-capstone/reports/models/notebook04_xgb_causal_TLT.json
TLT,CAUSAL_CONSTRAINED,VOL__GLD__ewma_vol__span21,VOL,0.0018955700797960162,0.0022299708551001196,62,/content/riskml-capstone/reports/models/notebook04_xgb_causal_TLT.json
TLT,CAUSAL_CONSTRAINED,VOL__HYG__ewma_vol__span63,VOL,0.001558466348797083,0.001833398075604662,63,/content/riskml-capstone/reports/models/notebook04_xgb_causal_TLT.json
TLT,CAUSAL_CONSTRAINED,VOL__EFA__ewma_vol__span21,VOL,0.0014119978295639157,0.0016610907931881862,64,/content/riskml-capstone/reports/models/notebook04_xgb_causal_TLT.json
TLT,CAUSAL_CONSTRAINED,VOL__TLT__ewma_vol__span21,VOL,0.0012441757135093212,0.0014636628892389701,65,/content/riskml-capstone/reports/models/notebook04_xgb_causal_TLT.json
TLT,CAUSAL_CONSTRAINED,VOL__XLK__ewma_vol__span21,VOL,0.001236540381796658,0.0014546805955375983,66,/content/riskml-capstone/reports/models/notebook04_xgb_causal_TLT.json
TLT,CAUSAL_CONSTRAINED,VOL__IWM__ewma_vol__span21,VOL,0.0011574570089578629,0.0013616459889919479,67,/content/riskml-capstone/reports/models/notebook04_xgb_causal_TLT.json
TLT,CAUSAL_CONSTRAINED,VOL__XLK__ewma_vol__span63,VOL,0.0009725660202093422,0.0011441380631841017,68,/content/riskml-capstone/reports/models/notebook04_xgb_causal_TLT.json
TLT,CAUSAL_CONSTRAINED,VOL__XLF__ewma_vol__span21,VOL,0.0008820907678455114,0.0010377019160695185,69,/content/riskml-capstone/reports/models/notebook04_xgb_causal_TLT.json
TLT,CAUSAL_CONSTRAINED,VOL__XLK__rvol__10d,VOL,0.0007948396378196776,0.0009350586642552157,70,/content/riskml-capstone/reports/models/notebook04_xgb_causal_TLT.json
TLT,CAUSAL_CONSTRAINED,VOL__HYG__ewma_vol__span21,VOL,0.0007947193225845695,0.000934917124002721,71,/content/riskml-capstone/reports/models/notebook04_xgb_causal_TLT.json
TLT,CAUSAL_CONSTRAINED,VOL__EEM__rvol__10d,VOL,0.0007448228425346315,0.000876218320160333,72,/content/riskml-capstone/reports/models/notebook04_xgb_causal_TLT.json
TLT,CAUSAL_CONSTRAINED,VOL__EEM__ewma_vol__span21,VOL,0.0006581209017895162,0.0007742211410515393,73,/content/riskml-capstone/reports/models/notebook04_xgb_causal_TLT.json
TLT,CAUSAL_CONSTRAINED,VOL__IWM__rvol__10d,VOL,0.0004347609938122332,0.0005114579278651479,74,/content/riskml-capstone/reports/models/notebook04_xgb_causal_TLT.json
GLD,CAUSAL_CONSTRAINED,VOL__GLD__ewma_vol__span63,VOL,0.06923359632492065,0.09299538473291492,1,/content/riskml-capstone/reports/models/notebook04_xgb_causal_GLD.json
GLD,CAUSAL_CONSTRAINED,REGIME__vix_high,REGIME,0.062093041837215424,0.0834041075634597,2,/content/riskml-capstone/reports/models/notebook04_xgb_causal_GLD.json
GLD,CAUSAL_CONSTRAINED,VOL__DBC__rvol__63d,VOL,0.03233049437403679,0.0434267021000709,3,/content/riskml-capstone/reports/models/notebook04_xgb_causal_GLD.json
GLD,CAUSAL_CONSTRAINED,VOL__XLK__ewma_vol__span21,VOL,0.029122307896614075,0.03911742811172154,4,/content/riskml-capstone/reports/models/notebook04_xgb_causal_GLD.json
GLD,CAUSAL_CONSTRAINED,VOL__LQD__rvol__63d,VOL,0.02746800146996975,0.03689534417013454,5,/content/riskml-capstone/reports/models/notebook04_xgb_causal_GLD.json
GLD,CAUSAL_CONSTRAINED,VOL__XLV__ewma_vol__span63,VOL,0.023755250498652458,0.031908333191031674,6,/content/riskml-capstone/reports/models/notebook04_xgb_causal_GLD.json
GLD,CAUSAL_CONSTRAINED,VOL__SPY__rvol__63d,VOL,0.02336430549621582,0.031383211243872056,7,/content/riskml-capstone/reports/models/notebook04_xgb_causal_GLD.json
GLD,CAUSAL_CONSTRAINED,VOL__EEM__rvol__21d,VOL,0.02324371412396431,0.031221231487607932,8,/content/riskml-capstone/reports/models/notebook04_xgb_causal_GLD.json
GLD,CAUSAL_CONSTRAINED,VOL__LQD__rvol__21d,VOL,0.02291172742843628,0.030775303035011782,9,/content/riskml-capstone/reports/models/notebook04_xgb_causal_GLD.json
GLD,CAUSAL_CONSTRAINED,VOL__EEM__rvol__63d,VOL,0.020625248551368713,0.0277040775874895,10,/content/riskml-capstone/reports/models/notebook04_xgb_causal_GLD.json
GLD,CAUSAL_CONSTRAINED,VOL__XLK__rvol__21d,VOL,0.01958821713924408,0.026311124739885724,11,/content/riskml-capstone/reports/models/notebook04_xgb_causal_GLD.json
GLD,CAUSAL_CONSTRAINED,VOL__TLT__rvol__63d,VOL,0.017232289537787437,0.023146614945072537,12,/content/riskml-capstone/reports/models/notebook04_xgb_causal_GLD.json
GLD,CAUSAL_CONSTRAINED,VOL__GLD__rvol__63d,VOL,0.016495322808623314,0.022156712525554477,13,/content/riskml-capstone/reports/models/notebook04_xgb_causal_GLD.json
GLD,CAUSAL_CONSTRAINED,VOL__GLD__rvol__10d,VOL,0.015060807578265667,0.020229854716142706,14,/content/riskml-capstone/reports/models/notebook04_xgb_causal_GLD.json
GLD,CAUSAL_CONSTRAINED,VOL__LQD__ewma_vol__span63,VOL,0.014640874229371548,0.01966579527945946,15,/content/riskml-capstone/reports/models/notebook04_xgb_causal_GLD.json
GLD,CAUSAL_CONSTRAINED,VOL__TLT__ewma_vol__span63,VOL,0.014475631527602673,0.019443839329732614,16,/content/riskml-capstone/reports/models/notebook04_xgb_causal_GLD.json
GLD,CAUSAL_CONSTRAINED,VOL__SPY__ewma_vol__span21,VOL,0.013883805833756924,0.018648892064019085,17,/content/riskml-capstone/reports/models/notebook04_xgb_causal_GLD.json
GLD,CAUSAL_CONSTRAINED,VOL__XLV__rvol__21d,VOL,0.013374079950153828,0.01796422223361577,18,/content/riskml-capstone/reports/models/notebook04_xgb_causal_GLD.json
GLD,CAUSAL_CONSTRAINED,MACRO__vixcls,MACRO,0.013129349797964096,0.017635497801162206,19,/content/riskml-capstone/reports/models/notebook04_xgb_causal_GLD.json
GLD,CAUSAL_CONSTRAINED,VOL__SPY__rvol__21d,VOL,0.012047565542161465,0.01618243240507553,20,/content/riskml-capstone/reports/models/notebook04_xgb_causal_GLD.json
GLD,CAUSAL_CONSTRAINED,VOL__DBC__ewma_vol__span63,VOL,0.010773847810924053,0.014471559696662974,21,/content/riskml-capstone/reports/models/notebook04_xgb_causal_GLD.json
GLD,CAUSAL_CONSTRAINED,VOL__XLE__rvol__21d,VOL,0.010489101521670818,0.014089085116025843,22,/content/riskml-capstone/reports/models/notebook04_xgb_causal_GLD.json
GLD,CAUSAL_CONSTRAINED,VOL__EEM__ewma_vol__span63,VOL,0.009968125261366367,0.013389303646688989,23,/content/riskml-capstone/reports/models/notebook04_xgb_causal_GLD.json
GLD,CAUSAL_CONSTRAINED,VOL__XLK__ewma_vol__span63,VOL,0.00964013859629631,0.012948748082273266,24,/content/riskml-capstone/reports/models/notebook04_xgb_causal_GLD.json
GLD,CAUSAL_CONSTRAINED,MACRO__t10y2y,MACRO,0.009176383726298809,0.012325827060594995,25,/content/riskml-capstone/reports/models/notebook04_xgb_causal_GLD.json
GLD,CAUSAL_CONSTRAINED,VOL__EFA__rvol__63d,VOL,0.008922318927943707,0.011984564221102448,26,/content/riskml-capstone/reports/models/notebook04_xgb_causal_GLD.json
GLD,CAUSAL_CONSTRAINED,VOL__XLE__rvol__63d,VOL,0.00846158992499113,0.011365707579796285,27,/content/riskml-capstone/reports/models/notebook04_xgb_causal_GLD.json
GLD,CAUSAL_CONSTRAINED,VOL__HYG__rvol__21d,VOL,0.008274161256849766,0.011113951177861259,28,/content/riskml-capstone/reports/models/notebook04_xgb_causal_GLD.json
GLD,CAUSAL_CONSTRAINED,MACRO__dtb3,MACRO,0.008020641282200813,0.01077342015200912,29,/content/riskml-capstone/reports/models/notebook04_xgb_causal_GLD.json
GLD,CAUSAL_CONSTRAINED,VOL__SPY__ewma_vol__span63,VOL,0.007960811257362366,0.010693055755620995,30,/content/riskml-capstone/reports/models/notebook04_xgb_causal_GLD.json
GLD,CAUSAL_CONSTRAINED,VOL__IWM__rvol__21d,VOL,0.007688167970627546,0.010326838070990555,31,/content/riskml-capstone/reports/models/notebook04_xgb_causal_GLD.json
GLD,CAUSAL_CONSTRAINED,VOL__QQQ__rvol__63d,VOL,0.007549159694463015,0.010140120511753685,32,/content/riskml-capstone/reports/models/notebook04_xgb_causal_GLD.json
GLD,CAUSAL_CONSTRAINED,VOL__GLD__ewma_vol__span21,VOL,0.007035727612674236,0.009450472472150369,33,/content/riskml-capstone/reports/models/notebook04_xgb_causal_GLD.json
GLD,CAUSAL_CONSTRAINED,VOL__XLK__rvol__63d,VOL,0.006995493080466986,0.009396428973028899,34,/content/riskml-capstone/reports/models/notebook04_xgb_causal_GLD.json
GLD,CAUSAL_CONSTRAINED,VOL__HYG__rvol__63d,VOL,0.00663224421441555,0.008908508803553475,35,/content/riskml-capstone/reports/models/notebook04_xgb_causal_GLD.json
GLD,CAUSAL_CONSTRAINED,VOL__SPY__rvol__10d,VOL,0.0065519120544195175,0.008800605696943251,36,/content/riskml-capstone/reports/models/notebook04_xgb_causal_GLD.json
GLD,CAUSAL_CONSTRAINED,VOL__TLT__rvol__21d,VOL,0.006516081281006336,0.008752477378674201,37,/content/riskml-capstone/reports/models/notebook04_xgb_causal_GLD.json
GLD,CAUSAL_CONSTRAINED,VOL__HYG__ewma_vol__span63,VOL,0.006500014569610357,0.00873089638206311,38,/content/riskml-capstone/reports/models/notebook04_xgb_causal_GLD.json
GLD,CAUSAL_CONSTRAINED,VOL__LQD__ewma_vol__span21,VOL,0.006490628235042095,0.008718288546550552,39,/content/riskml-capstone/reports/models/notebook04_xgb_causal_GLD.json
GLD,CAUSAL_CONSTRAINED,VOL__DBC__rvol__21d,VOL,0.006322166882455349,0.008492009267009607,40,/content/riskml-capstone/reports/models/notebook04_xgb_causal_GLD.json
GLD,CAUSAL_CONSTRAINED,VOL__EFA__ewma_vol__span21,VOL,0.006229393649846315,0.008367395164646593,41,/content/riskml-capstone/reports/models/notebook04_xgb_causal_GLD.json
GLD,CAUSAL_CONSTRAINED,VOL__XLV__rvol__10d,VOL,0.006075520999729633,0.008160711602661479,42,/content/riskml-capstone/reports/models/notebook04_xgb_causal_GLD.json
GLD,CAUSAL_CONSTRAINED,VOL__XLE__ewma_vol__span63,VOL,0.005767214577645063,0.0077465907731898076,43,/content/riskml-capstone/reports/models/notebook04_xgb_causal_GLD.json
GLD,CAUSAL_CONSTRAINED,VOL__XLV__rvol__63d,VOL,0.005531834904104471,0.007430426014154515,44,/content/riskml-capstone/reports/models/notebook04_xgb_causal_GLD.json
GLD,CAUSAL_CONSTRAINED,VOL__QQQ__rvol__21d,VOL,0.005260085221379995,0.007065408628990692,45,/content/riskml-capstone/reports/models/notebook04_xgb_causal_GLD.json
GLD,CAUSAL_CONSTRAINED,VOL__XLF__rvol__21d,VOL,0.0052575706504285336,0.007062031027573427,46,/content/riskml-capstone/reports/models/notebook04_xgb_causal_GLD.json
GLD,CAUSAL_CONSTRAINED,VOL__XLF__rvol__63d,VOL,0.005117469932883978,0.006873846088165278,47,/content/riskml-capstone/reports/models/notebook04_xgb_causal_GLD.json
GLD,CAUSAL_CONSTRAINED,VOL__XLE__ewma_vol__span21,VOL,0.004852999933063984,0.0065186068591044375,48,/content/riskml-capstone/reports/models/notebook04_xgb_causal_GLD.json
GLD,CAUSAL_CONSTRAINED,VOL__GLD__rvol__21d,VOL,0.004156108014285564,0.005582533398469678,49,/content/riskml-capstone/reports/models/notebook04_xgb_causal_GLD.json
GLD,CAUSAL_CONSTRAINED,VOL__EEM__ewma_vol__span21,VOL,0.0037951304111629725,0.005097664016200313,50,/content/riskml-capstone/reports/models/notebook04_xgb_causal_GLD.json
GLD,CAUSAL_CONSTRAINED,VOL__EFA__rvol__21d,VOL,0.0036244543734937906,0.004868409945485198,51,/content/riskml-capstone/reports/models/notebook04_xgb_causal_GLD.json
GLD,CAUSAL_CONSTRAINED,VOL__IWM__rvol__63d,VOL,0.0035956203937530518,0.004829679803159688,52,/content/riskml-capstone/reports/models/notebook04_xgb_causal_GLD.json
GLD,CAUSAL_CONSTRAINED,VOL__XLF__ewma_vol__span63,VOL,0.003469831543043256,0.0046607187324106,53,/content/riskml-capstone/reports/models/notebook04_xgb_causal_GLD.json
GLD,CAUSAL_CONSTRAINED,VOL__IWM__ewma_vol__span63,VOL,0.0030953185632824898,0.00415766847229019,54,/content/riskml-capstone/reports/models/notebook04_xgb_causal_GLD.json
GLD,CAUSAL_CONSTRAINED,VOL__XLF__ewma_vol__span21,VOL,0.0030304209794849157,0.004070497270823661,55,/content/riskml-capstone/reports/models/notebook04_xgb_causal_GLD.json
GLD,CAUSAL_CONSTRAINED,VOL__XLE__rvol__10d,VOL,0.002964490093290806,0.0039819381253673345,56,/content/riskml-capstone/reports/models/notebook04_xgb_causal_GLD.json
GLD,CAUSAL_CONSTRAINED,VOL__QQQ__ewma_vol__span21,VOL,0.002766981953755021,0.0037166428583438995,57,/content/riskml-capstone/reports/models/notebook04_xgb_causal_GLD.json
GLD,CAUSAL_CONSTRAINED,VOL__EFA__rvol__10d,VOL,0.0022326274774968624,0.002998891611244579,58,/content/riskml-capstone/reports/models/notebook04_xgb_causal_GLD.json
GLD,CAUSAL_CONSTRAINED,VOL__HYG__ewma_vol__span21,VOL,0.0021079720463603735,0.0028314529630602365,59,/content/riskml-capstone/reports/models/notebook04_xgb_causal_GLD.json
GLD,CAUSAL_CONSTRAINED,VOL__QQQ__ewma_vol__span63,VOL,0.0021033736411482096,0.002825276330838849,60,/content/riskml-capstone/reports/models/notebook04_xgb_causal_GLD.json
GLD,CAUSAL_CONSTRAINED,VOL__EEM__rvol__10d,VOL,0.0020094329956918955,0.0026990941457437825,61,/content/riskml-capstone/reports/models/notebook04_xgb_causal_GLD.json
GLD,CAUSAL_CONSTRAINED,VOL__DBC__rvol__10d,VOL,0.0019426316721364856,0.0026093658185375995,62,/content/riskml-capstone/reports/models/notebook04_xgb_causal_GLD.json
GLD,CAUSAL_CONSTRAINED,VOL__XLV__ewma_vol__span21,VOL,0.0017638418357819319,0.002369213197545674,63,/content/riskml-capstone/reports/models/notebook04_xgb_causal_GLD.json
GLD,CAUSAL_CONSTRAINED,VOL__TLT__ewma_vol__span21,VOL,0.0016163937980309129,0.0021711592508112366,64,/content/riskml-capstone/reports/models/notebook04_xgb_causal_GLD.json
GLD,CAUSAL_CONSTRAINED,VOL__IWM__ewma_vol__span21,VOL,0.0015262877568602562,0.002050127751507063,65,/content/riskml-capstone/reports/models/notebook04_xgb_causal_GLD.json
GLD,CAUSAL_CONSTRAINED,VOL__HYG__rvol__10d,VOL,0.0013857337180525064,0.0018613339056211908,66,/content/riskml-capstone/reports/models/notebook04_xgb_causal_GLD.json
GLD,CAUSAL_CONSTRAINED,VOL__TLT__rvol__10d,VOL,0.0013846653746441007,0.0018598988941301612,67,/content/riskml-capstone/reports/models/notebook04_xgb_causal_GLD.json
GLD,CAUSAL_CONSTRAINED,VOL__QQQ__rvol__10d,VOL,0.0012876613764092326,0.0017296019773825983,68,/content/riskml-capstone/reports/models/notebook04_xgb_causal_GLD.json
GLD,CAUSAL_CONSTRAINED,VOL__XLK__rvol__10d,VOL,0.0012579732574522495,0.0016897245451682702,69,/content/riskml-capstone/reports/models/notebook04_xgb_causal_GLD.json
GLD,CAUSAL_CONSTRAINED,VOL__LQD__rvol__10d,VOL,0.0012149069225415587,0.0016318773351914765,70,/content/riskml-capstone/reports/models/notebook04_xgb_causal_GLD.json
GLD,CAUSAL_CONSTRAINED,VOL__DBC__ewma_vol__span21,VOL,0.0011579168494790792,0.001555327595589194,71,/content/riskml-capstone/reports/models/notebook04_xgb_causal_GLD.json
GLD,CAUSAL_CONSTRAINED,VOL__EFA__ewma_vol__span63,VOL,0.001148120267316699,0.0015421687106602275,72,/content/riskml-capstone/reports/models/notebook04_xgb_causal_GLD.json
GLD,CAUSAL_CONSTRAINED,VOL__IWM__rvol__10d,VOL,0.0009702400420792401,0.001303237890069867,73,/content/riskml-capstone/reports/models/notebook04_xgb_causal_GLD.json
GLD,CAUSAL_CONSTRAINED,VOL__XLF__rvol__10d,VOL,0.0007396461442112923,0.0009935014414726784,74,/content/riskml-capstone/reports/models/notebook04_xgb_causal_GLD.json
