rank,model,ticker,feature,importance_mean,importance_std,n_repeats,scoring
1,BASELINE_MLP,SPY,VOL__SPY__rvol__63d,0.030523770185976323,0.0016477438210674442,5,neg_root_mean_squared_error
2,BASELINE_MLP,SPY,VOL__EFA__rvol__10d,0.02984527364623494,0.0008581340819025252,5,neg_root_mean_squared_error
3,BASELINE_MLP,SPY,VOL__LQD__rvol__10d,0.028410148132620404,0.002230578454909557,5,neg_root_mean_squared_error
4,BASELINE_MLP,SPY,VOL__XLK__ewma_vol__span63,0.027537923862429738,0.0010093287149922328,5,neg_root_mean_squared_error
5,BASELINE_MLP,SPY,VOL__EFA__ewma_vol__span63,0.026833127456316462,0.0007279509840279912,5,neg_root_mean_squared_error
6,BASELINE_MLP,SPY,VOL__HYG__rvol__10d,0.025753576492482333,0.00048207285594010954,5,neg_root_mean_squared_error
7,BASELINE_MLP,SPY,VOL__GLD__ewma_vol__span63,0.02392682385141961,0.0007959023724509717,5,neg_root_mean_squared_error
8,BASELINE_MLP,SPY,VOL__LQD__rvol__21d,0.02286894246966332,0.0007706995135904395,5,neg_root_mean_squared_error
9,BASELINE_MLP,SPY,MOM__QQQ__cum_ret__5d,0.022712167099696683,0.000745501019844154,5,neg_root_mean_squared_error
10,BASELINE_MLP,SPY,VOL__LQD__ewma_vol__span63,0.022394436126201143,0.00043292487014944203,5,neg_root_mean_squared_error
11,BASELINE_MLP,SPY,VOL__XLK__rvol__21d,0.022189437712694864,0.001226100321478605,5,neg_root_mean_squared_error
12,BASELINE_MLP,SPY,VAL__DBC__hml_beta__63d,0.02216827469739364,0.0004694166402808924,5,neg_root_mean_squared_error
13,BASELINE_MLP,SPY,MOM__QQQ__cum_ret__10d,0.02183983508945934,0.0009595206437150464,5,neg_root_mean_squared_error
14,BASELINE_MLP,SPY,MOM__TLT__cum_ret__10d,0.021716973582842747,0.00025052685143200454,5,neg_root_mean_squared_error
15,BASELINE_MLP,SPY,MOM__EFA__cum_ret__21d,0.021556805377228216,0.0010382112566796543,5,neg_root_mean_squared_error
16,BASELINE_MLP,SPY,VAL__EEM__hml_beta__63d,0.021407477586918196,0.0004233277649314229,5,neg_root_mean_squared_error
17,BASELINE_MLP,SPY,VOL__QQQ__rvol__63d,0.02134472602442546,0.000739924581992403,5,neg_root_mean_squared_error
18,BASELINE_MLP,SPY,MACRO__dtb3,0.021237675989411946,0.0007042076325076953,5,neg_root_mean_squared_error
19,BASELINE_MLP,SPY,VOL__DBC__rvol__21d,0.02046870313102849,0.0006085581193623681,5,neg_root_mean_squared_error
20,BASELINE_MLP,SPY,VOL__GLD__rvol__10d,0.019976231839449056,0.0011358014865920194,5,neg_root_mean_squared_error
21,BASELINE_MLP,SPY,VOL__XLF__rvol__10d,0.019679810373208855,0.0004925828734449789,5,neg_root_mean_squared_error
22,BASELINE_MLP,SPY,VOL__XLK__ewma_vol__span21,0.019510007343455055,0.0002416494237739775,5,neg_root_mean_squared_error
23,BASELINE_MLP,SPY,MOM__TLT__cum_ret__21d,0.019369889829287956,0.0005460850998196489,5,neg_root_mean_squared_error
24,BASELINE_MLP,SPY,VOL__EFA__rvol__63d,0.019293053923599597,0.0010669300578952648,5,neg_root_mean_squared_error
25,BASELINE_MLP,SPY,MOM__SPY__cum_ret__5d,0.01890751597796591,0.0002053135079099551,5,neg_root_mean_squared_error
26,BASELINE_MLP,SPY,VAL__IWM__hml_beta__63d,0.018687066067064766,0.0006281001626858798,5,neg_root_mean_squared_error
27,BASELINE_MLP,SPY,VOL__QQQ__rvol__10d,0.01847579613745125,0.0018593716570078531,5,neg_root_mean_squared_error
28,BASELINE_MLP,SPY,MOM__DBC__cum_ret__63d,0.018418218901041127,0.0009426273139796292,5,neg_root_mean_squared_error
29,BASELINE_MLP,SPY,VOL__XLK__rvol__10d,0.0182072976928777,0.001108624323804178,5,neg_root_mean_squared_error
30,BASELINE_MLP,SPY,VOL__GLD__ewma_vol__span21,0.0181613451659281,0.0005244614892834814,5,neg_root_mean_squared_error
31,BASELINE_MLP,SPY,MOM__XLF__cum_ret__63d,0.018143501585188244,0.0006273233788492967,5,neg_root_mean_squared_error
32,BASELINE_MLP,SPY,VAL__HYG__hml_beta__63d,0.018065101356697533,0.00043522382810664905,5,neg_root_mean_squared_error
33,BASELINE_MLP,SPY,MACRO__vixcls,0.01764479613397017,0.001270856090930171,5,neg_root_mean_squared_error
34,BASELINE_MLP,SPY,MOM__EFA__cum_ret__10d,0.017630993805597305,0.00047791529677035924,5,neg_root_mean_squared_error
35,BASELINE_MLP,SPY,MOM__HYG__cum_ret__63d,0.01761468356795176,0.0003482016432490037,5,neg_root_mean_squared_error
36,BASELINE_MLP,SPY,VOL__QQQ__ewma_vol__span63,0.017290087459940224,0.0007577980297888682,5,neg_root_mean_squared_error
37,BASELINE_MLP,SPY,VOL__SPY__ewma_vol__span63,0.01728448139045109,0.0012128019370554219,5,neg_root_mean_squared_error
38,BASELINE_MLP,SPY,VOL__GLD__rvol__63d,0.01726700491336854,0.0003173668514735242,5,neg_root_mean_squared_error
39,BASELINE_MLP,SPY,VAL__EFA__hml_beta__63d,0.017159139316864174,0.0005005912526148453,5,neg_root_mean_squared_error
40,BASELINE_MLP,SPY,MOM__XLF__cum_ret__5d,0.01713485194868187,0.0003895828227203271,5,neg_root_mean_squared_error
41,BASELINE_MLP,SPY,VOL__IWM__ewma_vol__span63,0.017072474432417734,0.00029094664980462606,5,neg_root_mean_squared_error
42,BASELINE_MLP,SPY,MOM__XLV__cum_ret__63d,0.01678064691434219,0.0007673136619150212,5,neg_root_mean_squared_error
43,BASELINE_MLP,SPY,VAL__SPY__hml_beta__63d,0.016753820568464008,0.0007259290170057755,5,neg_root_mean_squared_error
44,BASELINE_MLP,SPY,VOL__QQQ__rvol__21d,0.01668892710830333,0.0009503239247750807,5,neg_root_mean_squared_error
45,BASELINE_MLP,SPY,MOM__XLK__cum_ret__10d,0.01652476857643012,0.0006082797234425514,5,neg_root_mean_squared_error
46,BASELINE_MLP,SPY,VOL__IWM__rvol__63d,0.016517302581859024,0.0005263050331130594,5,neg_root_mean_squared_error
47,BASELINE_MLP,SPY,VOL__EEM__ewma_vol__span63,0.016500196314216918,0.0006982713860945502,5,neg_root_mean_squared_error
48,BASELINE_MLP,SPY,VOL__SPY__rvol__21d,0.016458526809172886,0.0008568864938181661,5,neg_root_mean_squared_error
49,BASELINE_MLP,SPY,MOM__XLF__cum_ret__10d,0.01635612461317947,0.00045237054150407916,5,neg_root_mean_squared_error
50,BASELINE_MLP,SPY,MOM__GLD__cum_ret__63d,0.016343264742240855,0.000644767373743201,5,neg_root_mean_squared_error
51,BASELINE_MLP,SPY,VOL__LQD__ewma_vol__span21,0.016231079500016288,0.00045926566861149184,5,neg_root_mean_squared_error
52,BASELINE_MLP,SPY,MOM__HYG__cum_ret__10d,0.01596568610492629,0.0008882865628958709,5,neg_root_mean_squared_error
53,BASELINE_MLP,SPY,MOM__TLT__cum_ret__63d,0.015935357763330178,0.00042220381372912543,5,neg_root_mean_squared_error
54,BASELINE_MLP,SPY,MOM__QQQ__cum_ret__63d,0.015868105580419067,0.0004890386894514121,5,neg_root_mean_squared_error
55,BASELINE_MLP,SPY,MOM__SPY__cum_ret__10d,0.015857958684353846,0.000437645766052933,5,neg_root_mean_squared_error
56,BASELINE_MLP,SPY,MOM__IWM__cum_ret__21d,0.015824856215813594,0.0005680409378582161,5,neg_root_mean_squared_error
57,BASELINE_MLP,SPY,VOL__XLK__rvol__63d,0.01581021828258683,0.0007896739476014744,5,neg_root_mean_squared_error
58,BASELINE_MLP,SPY,MOM__XLK__cum_ret__5d,0.01574895478889011,0.0011080313854244656,5,neg_root_mean_squared_error
59,BASELINE_MLP,SPY,VOL__IWM__rvol__21d,0.015687529886746633,0.0008020483385542189,5,neg_root_mean_squared_error
60,BASELINE_MLP,SPY,MOM__XLK__cum_ret__21d,0.015535662949016071,0.0007711104456345375,5,neg_root_mean_squared_error
61,BASELINE_MLP,SPY,VOL__DBC__rvol__10d,0.015504410958723864,0.0005577011804757929,5,neg_root_mean_squared_error
62,BASELINE_MLP,SPY,VAL__LQD__hml_beta__63d,0.015185672452318106,0.0005971445439463343,5,neg_root_mean_squared_error
63,BASELINE_MLP,SPY,MOM__XLE__cum_ret__10d,0.015152046133422253,0.00043363688488665456,5,neg_root_mean_squared_error
64,BASELINE_MLP,SPY,VOL__SPY__ewma_vol__span21,0.015063488525543917,0.001586146052421921,5,neg_root_mean_squared_error
65,BASELINE_MLP,SPY,MOM__QQQ__cum_ret__21d,0.014993112169655954,0.0005393715913492668,5,neg_root_mean_squared_error
66,BASELINE_MLP,SPY,VAL__GLD__hml_beta__63d,0.014961359924293144,0.00015402548435228096,5,neg_root_mean_squared_error
67,BASELINE_MLP,SPY,VAL__ff_rf,0.014928846742743746,0.0008610540349756213,5,neg_root_mean_squared_error
68,BASELINE_MLP,SPY,MOM__IWM__cum_ret__10d,0.01490241634148477,0.0002923951348099392,5,neg_root_mean_squared_error
69,BASELINE_MLP,SPY,MACRO__t10y2y,0.014865286259896337,0.0010464001685609504,5,neg_root_mean_squared_error
70,BASELINE_MLP,SPY,MOM__DBC__cum_ret__21d,0.014827826223148854,0.0006048134456468699,5,neg_root_mean_squared_error
71,BASELINE_MLP,SPY,VOL__GLD__rvol__21d,0.014790999905537528,0.0004743616527116821,5,neg_root_mean_squared_error
72,BASELINE_MLP,SPY,MOM__XLV__cum_ret__10d,0.01475300689094886,0.0005244249937047554,5,neg_root_mean_squared_error
73,BASELINE_MLP,SPY,MOM__LQD__cum_ret__21d,0.014614206417353292,0.000789832119776601,5,neg_root_mean_squared_error
74,BASELINE_MLP,SPY,MOM__XLF__cum_ret__21d,0.014599394205276523,0.0005340135036462621,5,neg_root_mean_squared_error
75,BASELINE_MLP,SPY,VOL__XLF__ewma_vol__span63,0.014420698026815842,0.00042077154343493595,5,neg_root_mean_squared_error
76,BASELINE_MLP,SPY,VOL__DBC__ewma_vol__span21,0.01412203401225941,0.0006672223253682634,5,neg_root_mean_squared_error
77,BASELINE_MLP,SPY,MOM__XLE__cum_ret__5d,0.014121550167307978,0.0005659413538868244,5,neg_root_mean_squared_error
78,BASELINE_MLP,SPY,VOL__XLF__rvol__63d,0.013984144320054376,0.0006028437081767095,5,neg_root_mean_squared_error
79,BASELINE_MLP,SPY,MOM__GLD__cum_ret__21d,0.013954152104240952,0.0006387687244860599,5,neg_root_mean_squared_error
80,BASELINE_MLP,SPY,MOM__GLD__cum_ret__10d,0.013895945530107857,0.000998203244317718,5,neg_root_mean_squared_error
81,BASELINE_MLP,SPY,VOL__SPY__rvol__10d,0.013885082895981716,0.0004964700907578501,5,neg_root_mean_squared_error
82,BASELINE_MLP,SPY,VOL__XLF__rvol__21d,0.013873337533473834,0.0007492301587398597,5,neg_root_mean_squared_error
83,BASELINE_MLP,SPY,MOM__IWM__cum_ret__63d,0.01384324729123379,0.0004109699747409305,5,neg_root_mean_squared_error
84,BASELINE_MLP,SPY,VOL__EFA__rvol__21d,0.013775362758390053,0.0006402568172906952,5,neg_root_mean_squared_error
85,BASELINE_MLP,SPY,VOL__HYG__ewma_vol__span63,0.01375844611634654,0.0007872797778371599,5,neg_root_mean_squared_error
86,BASELINE_MLP,SPY,VOL__HYG__rvol__21d,0.01366077719315612,0.0006972395355516761,5,neg_root_mean_squared_error
87,BASELINE_MLP,SPY,VOL__QQQ__ewma_vol__span21,0.013569002266087576,0.0010944233868347317,5,neg_root_mean_squared_error
88,BASELINE_MLP,SPY,MOM__SPY__cum_ret__21d,0.013551070187629365,0.0007698044187370931,5,neg_root_mean_squared_error
89,BASELINE_MLP,SPY,VOL__EFA__ewma_vol__span21,0.013510808737100328,0.0010174842619450285,5,neg_root_mean_squared_error
90,BASELINE_MLP,SPY,VOL__XLF__ewma_vol__span21,0.01348081787337715,0.0007559462561092974,5,neg_root_mean_squared_error
91,BASELINE_MLP,SPY,VAL__QQQ__hml_beta__63d,0.013461414342753952,0.00011368209920430163,5,neg_root_mean_squared_error
92,BASELINE_MLP,SPY,MOM__EEM__cum_ret__63d,0.013453377701573527,0.00045940738912239376,5,neg_root_mean_squared_error
93,BASELINE_MLP,SPY,MOM__EEM__cum_ret__21d,0.01336676370872738,0.000314434815303651,5,neg_root_mean_squared_error
94,BASELINE_MLP,SPY,VOL__XLE__ewma_vol__span63,0.013332643923792659,0.0006142430331788363,5,neg_root_mean_squared_error
95,BASELINE_MLP,SPY,MOM__GLD__cum_ret__5d,0.013286857088001943,0.0010474957307721573,5,neg_root_mean_squared_error
96,BASELINE_MLP,SPY,VOL__TLT__ewma_vol__span21,0.013270324278396955,0.0007119252387912992,5,neg_root_mean_squared_error
97,BASELINE_MLP,SPY,VOL__DBC__ewma_vol__span63,0.01322240819330503,0.0006088315010886038,5,neg_root_mean_squared_error
98,BASELINE_MLP,SPY,VAL__XLF__hml_beta__63d,0.013189267492537553,0.000940798980740243,5,neg_root_mean_squared_error
99,BASELINE_MLP,SPY,MOM__EFA__cum_ret__63d,0.013183195682431014,0.00043614865298800576,5,neg_root_mean_squared_error
100,BASELINE_MLP,SPY,MOM__XLK__cum_ret__63d,0.013071965570037352,0.00033118594245246563,5,neg_root_mean_squared_error
101,BASELINE_MLP,SPY,MOM__HYG__cum_ret__5d,0.013070836468736047,0.0005241809043985232,5,neg_root_mean_squared_error
102,BASELINE_MLP,SPY,VOL__XLE__rvol__63d,0.013046724541945071,0.0007585865998556747,5,neg_root_mean_squared_error
103,BASELINE_MLP,SPY,MOM__LQD__cum_ret__5d,0.013036395711761706,0.001119311317685403,5,neg_root_mean_squared_error
104,BASELINE_MLP,SPY,MOM__LQD__cum_ret__63d,0.012922247430310962,0.00012508326536276505,5,neg_root_mean_squared_error
105,BASELINE_MLP,SPY,MOM__DBC__cum_ret__10d,0.012831016151904023,0.0005041414317881426,5,neg_root_mean_squared_error
106,BASELINE_MLP,SPY,MOM__XLE__cum_ret__63d,0.012830734219589818,0.0004383341076967078,5,neg_root_mean_squared_error
107,BASELINE_MLP,SPY,MOM__HYG__cum_ret__21d,0.012817645432205396,0.0010026363940726468,5,neg_root_mean_squared_error
108,BASELINE_MLP,SPY,REGIME__vix_high,0.012796760074404834,0.0004930139983818678,5,neg_root_mean_squared_error
109,BASELINE_MLP,SPY,MOM__SPY__cum_ret__63d,0.012613680121509785,0.0005424594320557637,5,neg_root_mean_squared_error
110,BASELINE_MLP,SPY,VOL__XLE__ewma_vol__span21,0.012422442476754923,0.00047267008930857834,5,neg_root_mean_squared_error
111,BASELINE_MLP,SPY,VOL__XLE__rvol__10d,0.012358212499918218,0.001245605046784629,5,neg_root_mean_squared_error
112,BASELINE_MLP,SPY,VOL__XLV__rvol__21d,0.012341057702784614,0.0007812625364165356,5,neg_root_mean_squared_error
113,BASELINE_MLP,SPY,VOL__LQD__rvol__63d,0.012123054485981489,0.0005182252094164188,5,neg_root_mean_squared_error
114,BASELINE_MLP,SPY,VOL__EEM__rvol__10d,0.012099403026354679,0.00016050632243907103,5,neg_root_mean_squared_error
115,BASELINE_MLP,SPY,VOL__XLE__rvol__21d,0.011982132019887782,0.0004910400058049923,5,neg_root_mean_squared_error
116,BASELINE_MLP,SPY,VAL__TLT__hml_beta__63d,0.011968703086826609,0.0007294335434676949,5,neg_root_mean_squared_error
117,BASELINE_MLP,SPY,MOM__XLE__cum_ret__21d,0.011931781386811193,0.00033655787697071325,5,neg_root_mean_squared_error
118,BASELINE_MLP,SPY,VAL__XLV__hml_beta__63d,0.011902730054443124,0.00042100925278885855,5,neg_root_mean_squared_error
119,BASELINE_MLP,SPY,VAL__XLK__hml_beta__63d,0.011895599867465636,0.0003371947079513475,5,neg_root_mean_squared_error
120,BASELINE_MLP,SPY,VOL__DBC__rvol__63d,0.011796163832027879,0.0006663413265018724,5,neg_root_mean_squared_error
121,BASELINE_MLP,SPY,VOL__HYG__ewma_vol__span21,0.011792480298362292,0.0004976638763079112,5,neg_root_mean_squared_error
122,BASELINE_MLP,SPY,MOM__LQD__cum_ret__10d,0.01172148814781821,0.0003342719756143435,5,neg_root_mean_squared_error
123,BASELINE_MLP,SPY,VOL__IWM__ewma_vol__span21,0.011481179073796427,0.0005733207367671282,5,neg_root_mean_squared_error
124,BASELINE_MLP,SPY,MOM__TLT__cum_ret__5d,0.011478805828183416,0.00044052812580044204,5,neg_root_mean_squared_error
125,BASELINE_MLP,SPY,MOM__XLV__cum_ret__5d,0.011354443613823286,0.000611295228558102,5,neg_root_mean_squared_error
126,BASELINE_MLP,SPY,VOL__TLT__rvol__21d,0.01130605257433528,0.0006040178583888888,5,neg_root_mean_squared_error
127,BASELINE_MLP,SPY,MOM__EFA__cum_ret__5d,0.011256893559972322,0.0013822408967398014,5,neg_root_mean_squared_error
128,BASELINE_MLP,SPY,VOL__XLV__ewma_vol__span21,0.011251149166003428,0.0012620439463357173,5,neg_root_mean_squared_error
129,BASELINE_MLP,SPY,VOL__HYG__rvol__63d,0.011204293246122269,0.0003003594748181908,5,neg_root_mean_squared_error
130,BASELINE_MLP,SPY,VOL__TLT__ewma_vol__span63,0.011202328201360244,0.0006210800505242247,5,neg_root_mean_squared_error
131,BASELINE_MLP,SPY,VOL__XLV__rvol__63d,0.011022404412767726,0.0007669693580680279,5,neg_root_mean_squared_error
132,BASELINE_MLP,SPY,VOL__IWM__rvol__10d,0.01101463036979618,0.000944065313811053,5,neg_root_mean_squared_error
133,BASELINE_MLP,SPY,MOM__IWM__cum_ret__5d,0.010863763615670789,0.0005440138584886765,5,neg_root_mean_squared_error
134,BASELINE_MLP,SPY,VAL__XLE__hml_beta__63d,0.010457873651667678,0.0007343285231860154,5,neg_root_mean_squared_error
135,BASELINE_MLP,SPY,VOL__XLV__ewma_vol__span63,0.01025182365317558,0.00048390424840773493,5,neg_root_mean_squared_error
136,BASELINE_MLP,SPY,VOL__EEM__ewma_vol__span21,0.010246796974224232,0.0008807119726748912,5,neg_root_mean_squared_error
137,BASELINE_MLP,SPY,VAL__ff_hml,0.010171545886572236,0.0004901401479358084,5,neg_root_mean_squared_error
138,BASELINE_MLP,SPY,VOL__EEM__rvol__63d,0.009989072079011816,0.0007822044854804291,5,neg_root_mean_squared_error
139,BASELINE_MLP,SPY,VOL__XLV__rvol__10d,0.009970370134649907,0.0007689498459881752,5,neg_root_mean_squared_error
140,BASELINE_MLP,SPY,MOM__EEM__cum_ret__5d,0.009949203332663473,0.0007305185041169556,5,neg_root_mean_squared_error
141,BASELINE_MLP,SPY,MOM__XLV__cum_ret__21d,0.009584074576436005,0.0008066601781847505,5,neg_root_mean_squared_error
142,BASELINE_MLP,SPY,VOL__TLT__rvol__63d,0.009550768458963577,0.0008205767312427112,5,neg_root_mean_squared_error
143,BASELINE_MLP,SPY,VAL__ff_mkt_rf,0.0094694740429051,0.00034157661528527104,5,neg_root_mean_squared_error
144,BASELINE_MLP,SPY,VOL__TLT__rvol__10d,0.009346698677444105,0.0003597182465469333,5,neg_root_mean_squared_error
145,BASELINE_MLP,SPY,MOM__DBC__cum_ret__5d,0.008648049407217615,0.0002874406444504879,5,neg_root_mean_squared_error
146,BASELINE_MLP,SPY,VOL__EEM__rvol__21d,0.008465827816688743,0.00048090092538261036,5,neg_root_mean_squared_error
147,BASELINE_MLP,SPY,ML__pca_ret_pc1__252d,0.008402914117019957,0.0004993242891328775,5,neg_root_mean_squared_error
148,BASELINE_MLP,SPY,ML__pca_ret_pc2__252d,0.008290309821253889,0.0006411657842499895,5,neg_root_mean_squared_error
149,BASELINE_MLP,SPY,MOM__EEM__cum_ret__10d,0.008245406999730363,0.0004376394184629623,5,neg_root_mean_squared_error
150,BASELINE_MLP,SPY,VAL__ff_smb,0.007884361841636416,0.0006548844773747625,5,neg_root_mean_squared_error
151,BASELINE_MLP,SPY,ML__pca_ret_pc3__252d,0.0057776265813802245,0.0002646516092609307,5,neg_root_mean_squared_error
