window_start,window_end,depth,n_articles,hit_limit_flag,min_timestamp,max_timestamp
2020-01-01,2020-04-01,0,684,False,2020-01-01 00:00:00+00:00,2020-03-31 23:26:20+00:00
2020-04-01,2020-07-01,0,701,False,2020-04-01 01:55:00+00:00,2020-06-30 23:26:28+00:00
2020-07-01,2020-10-01,0,1000,True,2020-07-01 07:07:05+00:00,2020-09-04 07:28:00+00:00
2020-07-01,2020-08-16,1,673,False,2020-07-01 07:07:05+00:00,2020-08-15 22:32:13+00:00
2020-08-16,2020-10-01,1,767,False,2020-08-16 06:28:55+00:00,2020-09-30 23:11:31+00:00
2020-10-01,2021-01-01,0,1000,True,2020-10-01 04:05:57+00:00,2020-11-24 03:52:05+00:00
2020-10-01,2020-11-16,1,755,False,2020-10-01 04:05:57+00:00,2020-11-15 22:36:59+00:00
2020-11-16,2021-01-01,1,1000,True,2020-11-16 03:24:43+00:00,2021-01-01 00:00:00+00:00
2020-11-16,2020-12-09,2,531,False,2020-11-16 03:24:43+00:00,2020-12-08 23:27:06+00:00
2020-12-09,2021-01-01,2,497,False,2020-12-09 02:13:07+00:00,2021-01-01 00:00:00+00:00
2021-01-01,2021-04-01,0,1000,True,2021-01-01 00:00:00+00:00,2021-02-01 20:22:01+00:00
2021-01-01,2021-02-15,1,1000,True,2021-01-01 00:00:00+00:00,2021-02-01 20:22:01+00:00
2021-01-01,2021-01-23,2,727,False,2021-01-01 00:00:00+00:00,2021-01-23 07:59:00+00:00
2021-01-23,2021-02-15,2,606,False,2021-01-23 20:53:03+00:00,2021-02-14 21:27:40+00:00
2021-02-15,2021-04-01,1,1000,True,2021-02-15 00:34:46+00:00,2021-03-30 08:50:00+00:00
2021-02-15,2021-03-09,2,514,False,2021-02-15 00:34:46+00:00,2021-03-09 11:48:35+00:00
2021-03-09,2021-04-01,2,533,False,2021-03-09 12:23:00+00:00,2021-03-31 23:58:46+00:00
2021-04-01,2021-07-01,0,1000,True,2021-04-01 06:09:51+00:00,2021-05-14 01:09:57+00:00
2021-04-01,2021-05-16,1,1000,True,2021-04-01 06:09:51+00:00,2021-05-14 01:09:57+00:00
2021-04-01,2021-04-23,2,508,False,2021-04-01 06:09:51+00:00,2021-04-23 17:53:00+00:00
2021-04-23,2021-05-16,2,508,False,2021-04-23 18:28:00+00:00,2021-05-16 10:48:00+00:00
2021-05-16,2021-07-01,1,1000,True,2021-05-16 21:16:44+00:00,2021-06-29 21:35:28+00:00
2021-05-16,2021-06-08,2,492,False,2021-05-16 21:16:44+00:00,2021-06-08 05:02:59+00:00
2021-06-08,2021-07-01,2,543,False,2021-06-08 07:00:00+00:00,2021-06-30 22:01:32+00:00
2021-07-01,2021-10-01,0,1000,True,2021-07-01 04:41:37+00:00,2021-08-12 10:00:00+00:00
2021-07-01,2021-08-16,1,1000,True,2021-07-01 04:41:37+00:00,2021-08-12 10:00:00+00:00
2021-07-01,2021-07-24,2,515,False,2021-07-01 04:41:37+00:00,2021-07-23 23:50:00+00:00
2021-07-24,2021-08-16,2,542,False,2021-07-24 04:41:11+00:00,2021-08-15 21:06:19+00:00
2021-08-16,2021-10-01,1,1000,True,2021-08-16 01:10:23+00:00,2021-09-29 19:24:20+00:00
2021-08-16,2021-09-08,2,437,False,2021-08-16 01:10:23+00:00,2021-09-07 21:21:30+00:00
2021-09-08,2021-10-01,2,619,False,2021-09-08 06:47:00+00:00,2021-09-30 23:52:44+00:00
2021-10-01,2022-01-01,0,1000,True,2021-10-01 04:01:47+00:00,2021-11-09 06:34:00+00:00
2021-10-01,2021-11-16,1,1000,True,2021-10-01 04:01:47+00:00,2021-11-09 06:34:00+00:00
2021-10-01,2021-10-24,2,603,False,2021-10-01 04:01:47+00:00,2021-10-23 17:48:28+00:00
2021-10-24,2021-11-16,2,600,False,2021-10-24 19:47:47+00:00,2021-11-15 23:32:00+00:00
2021-11-16,2022-01-01,1,1000,True,2021-11-16 01:29:20+00:00,2021-12-30 16:45:46+00:00
2021-11-16,2021-12-09,2,568,False,2021-11-16 01:29:20+00:00,2021-12-08 23:16:00+00:00
2021-12-09,2022-01-01,2,463,False,2021-12-09 01:52:39+00:00,2022-01-01 00:00:00+00:00
2022-01-01,2022-04-01,0,1000,True,2022-01-01 00:00:00+00:00,2022-02-14 11:09:00+00:00
2022-01-01,2022-02-15,1,1000,True,2022-01-01 00:00:00+00:00,2022-02-14 11:09:00+00:00
2022-01-01,2022-01-23,2,452,False,2022-01-01 00:00:00+00:00,2022-01-22 17:28:06+00:00
2022-01-23,2022-02-15,2,572,False,2022-01-23 15:27:10+00:00,2022-02-14 18:29:00+00:00
2022-02-15,2022-04-01,1,1000,True,2022-02-15 03:58:00+00:00,2022-03-30 13:23:00+00:00
2022-02-15,2022-03-09,2,516,False,2022-02-15 03:58:00+00:00,2022-03-09 11:49:00+00:00
2022-03-09,2022-04-01,2,548,False,2022-03-09 12:49:00+00:00,2022-03-31 21:08:49+00:00
2022-04-01,2022-07-01,0,1000,True,2022-04-01 03:19:00+00:00,2022-05-10 04:01:31+00:00
2022-04-01,2022-05-16,1,1000,True,2022-04-01 03:19:00+00:00,2022-05-10 04:01:31+00:00
2022-04-01,2022-04-23,2,545,False,2022-04-01 03:19:00+00:00,2022-04-23 16:56:56+00:00
2022-04-23,2022-05-16,2,628,False,2022-04-23 21:48:00+00:00,2022-05-16 11:57:52+00:00
2022-05-16,2022-07-01,1,1000,True,2022-05-16 12:08:16+00:00,2022-06-24 19:17:00+00:00
2022-05-16,2022-06-08,2,587,False,2022-05-16 12:08:16+00:00,2022-06-08 05:11:40+00:00
2022-06-08,2022-07-01,2,533,False,2022-06-08 06:08:56+00:00,2022-06-30 19:06:31+00:00
2022-07-01,2022-10-01,0,1000,True,2022-07-01 00:03:00+00:00,2022-08-08 16:52:00+00:00
2022-07-01,2022-08-16,1,1000,True,2022-07-01 00:03:00+00:00,2022-08-08 16:52:00+00:00
2022-07-01,2022-07-24,2,524,False,2022-07-01 00:03:00+00:00,2022-07-24 00:00:00+00:00
2022-07-24,2022-08-16,2,707,False,2022-07-24 00:00:00+00:00,2022-08-15 22:32:00+00:00
2022-08-16,2022-10-01,1,1000,True,2022-08-16 01:35:00+00:00,2022-09-21 14:51:00+00:00
2022-08-16,2022-09-08,2,604,False,2022-08-16 01:35:00+00:00,2022-09-07 21:29:00+00:00
2022-09-08,2022-10-01,2,696,False,2022-09-08 00:40:00+00:00,2022-09-30 23:10:15+00:00
2022-10-01,2023-01-01,0,1000,True,2022-10-01 02:00:00+00:00,2022-11-02 16:52:00+00:00
2022-10-01,2022-11-16,1,1000,True,2022-10-01 02:00:00+00:00,2022-11-02 16:52:00+00:00
2022-10-01,2022-10-24,2,659,False,2022-10-01 02:00:00+00:00,2022-10-23 22:04:00+00:00
2022-10-24,2022-11-16,2,833,False,2022-10-24 02:10:14+00:00,2022-11-15 23:52:18+00:00
2022-11-16,2023-01-01,1,1000,True,2022-11-16 02:03:00+00:00,2022-12-21 05:57:56+00:00
2022-11-16,2022-12-09,2,649,False,2022-11-16 02:03:00+00:00,2022-12-08 23:01:00+00:00
2022-12-09,2023-01-01,2,662,False,2022-12-09 03:08:50+00:00,2022-12-31 23:59:59+00:00
2023-01-01,2023-04-01,0,1000,True,2023-01-01 04:07:31+00:00,2023-02-04 03:52:55+00:00
2023-01-01,2023-02-15,1,1000,True,2023-01-01 04:07:31+00:00,2023-02-04 03:52:55+00:00
2023-01-01,2023-01-23,2,561,False,2023-01-01 04:07:31+00:00,2023-01-23 10:21:00+00:00
2023-01-23,2023-02-15,2,793,False,2023-01-23 13:00:00+00:00,2023-02-15 00:00:00+00:00
2023-02-15,2023-04-01,1,1000,True,2023-02-15 00:00:00+00:00,2023-03-22 11:58:00+00:00
2023-02-15,2023-03-09,2,668,False,2023-02-15 00:00:00+00:00,2023-03-09 10:23:00+00:00
2023-03-09,2023-04-01,2,603,False,2023-03-09 14:30:09+00:00,2023-03-31 17:37:00+00:00
2023-04-01,2023-07-01,0,1000,True,2023-04-01 01:23:28+00:00,2023-05-19 14:30:16+00:00
2023-04-01,2023-05-16,1,935,False,2023-04-01 01:23:28+00:00,2023-05-16 10:38:00+00:00
2023-05-16,2023-07-01,1,1000,True,2023-05-16 14:13:00+00:00,2023-06-30 04:11:30+00:00
2023-05-16,2023-06-08,2,464,False,2023-05-16 14:13:00+00:00,2023-06-08 05:10:00+00:00
2023-06-08,2023-07-01,2,564,False,2023-06-08 06:15:00+00:00,2023-06-30 23:59:02+00:00
2023-07-01,2023-10-01,0,1000,True,2023-07-01 05:08:41+00:00,2023-08-14 04:09:05+00:00
2023-07-01,2023-08-16,1,1000,True,2023-07-01 05:08:41+00:00,2023-08-14 04:09:05+00:00
2023-07-01,2023-07-24,2,460,False,2023-07-01 05:08:41+00:00,2023-07-23 18:09:11+00:00
2023-07-24,2023-08-16,2,613,False,2023-07-24 02:32:00+00:00,2023-08-16 00:00:00+00:00
2023-08-16,2023-10-01,1,1000,True,2023-08-16 00:00:00+00:00,2023-09-27 04:54:00+00:00
2023-08-16,2023-09-08,2,520,False,2023-08-16 00:00:00+00:00,2023-09-08 00:00:00+00:00
2023-09-08,2023-10-01,2,618,False,2023-09-08 00:00:00+00:00,2023-09-30 21:30:40+00:00
2023-10-01,2024-01-01,0,1000,True,2023-10-01 01:52:25+00:00,2023-11-06 11:09:31+00:00
2023-10-01,2023-11-16,1,1000,True,2023-10-01 01:52:25+00:00,2023-11-06 11:09:31+00:00
2023-10-01,2023-10-24,2,599,False,2023-10-01 01:52:25+00:00,2023-10-24 00:00:00+00:00
2023-10-24,2023-11-16,2,753,False,2023-10-24 00:00:00+00:00,2023-11-16 00:00:00+00:00
2023-11-16,2024-01-01,1,1000,True,2023-11-16 00:00:00+00:00,2023-12-19 00:00:00+00:00
2023-11-16,2023-12-09,2,683,False,2023-11-16 00:00:00+00:00,2023-12-08 20:43:30+00:00
2023-12-09,2024-01-01,2,935,False,2023-12-09 00:38:00+00:00,2024-01-01 00:00:00+00:00
2024-01-01,2024-04-01,0,1000,True,2024-01-01 00:00:00+00:00,2024-01-26 16:36:00+00:00
2024-01-01,2024-02-15,1,1000,True,2024-01-01 00:00:00+00:00,2024-01-26 16:36:00+00:00
2024-01-01,2024-01-23,2,887,False,2024-01-01 00:00:00+00:00,2024-01-23 17:48:00+00:00
2024-01-23,2024-02-15,2,983,False,2024-01-23 18:15:57+00:00,2024-02-15 11:37:00+00:00
2024-02-15,2024-04-01,1,1000,True,2024-02-15 12:25:00+00:00,2024-03-11 12:29:00+00:00
2024-02-15,2024-03-09,2,965,False,2024-02-15 12:25:00+00:00,2024-03-09 00:00:00+00:00
2024-03-09,2024-04-01,2,806,False,2024-03-09 09:19:00+00:00,2024-04-01 00:00:00+00:00
2024-04-01,2024-07-01,0,1000,True,2024-04-01 00:00:00+00:00,2024-04-30 07:07:00+00:00
2024-04-01,2024-05-16,1,1000,True,2024-04-01 00:00:00+00:00,2024-04-30 07:07:00+00:00
2024-04-01,2024-04-23,2,797,False,2024-04-01 00:00:00+00:00,2024-04-23 17:59:00+00:00
2024-04-23,2024-05-16,2,795,False,2024-04-23 19:09:00+00:00,2024-05-16 12:00:00+00:00
2024-05-16,2024-07-01,1,1000,True,2024-05-16 12:00:00+00:00,2024-06-13 12:43:42+00:00
2024-05-16,2024-06-08,2,794,False,2024-05-16 12:00:00+00:00,2024-06-08 03:00:00+00:00
2024-06-08,2024-07-01,2,818,False,2024-06-08 07:25:00+00:00,2024-07-01 00:00:00+00:00
2024-07-01,2024-10-01,0,1000,True,2024-07-01 00:00:00+00:00,2024-07-25 17:17:00+00:00
2024-07-01,2024-08-16,1,1000,True,2024-07-01 00:00:00+00:00,2024-07-25 17:17:00+00:00
2024-07-01,2024-07-24,2,893,False,2024-07-01 00:00:00+00:00,2024-07-24 00:00:00+00:00
2024-07-24,2024-08-16,2,1000,True,2024-07-24 00:00:00+00:00,2024-08-14 14:30:00+00:00
2024-07-24,2024-08-04,3,513,False,2024-07-24 00:00:00+00:00,2024-08-04 11:29:00+00:00
2024-08-04,2024-08-16,3,567,False,2024-08-04 12:52:22+00:00,2024-08-16 00:00:00+00:00
2024-08-16,2024-10-01,1,1000,True,2024-08-16 00:00:00+00:00,2024-09-09 15:10:28+00:00
2024-08-16,2024-09-08,2,926,False,2024-08-16 00:00:00+00:00,2024-09-07 15:51:48+00:00
2024-09-08,2024-10-01,2,1000,True,2024-09-08 01:51:26+00:00,2024-09-27 08:18:00+00:00
2024-09-08,2024-09-19,3,599,False,2024-09-08 01:51:26+00:00,2024-09-19 12:00:00+00:00
2024-09-19,2024-10-01,3,555,False,2024-09-19 12:00:00+00:00,2024-10-01 00:00:00+00:00
2024-10-01,2025-01-01,0,1000,True,2024-10-01 00:00:00+00:00,2024-10-21 00:00:00+00:00
2024-10-01,2024-11-16,1,1000,True,2024-10-01 00:00:00+00:00,2024-10-21 00:00:00+00:00
2024-10-01,2024-10-24,2,1000,True,2024-10-01 00:00:00+00:00,2024-10-21 00:00:00+00:00
2024-10-01,2024-10-12,3,614,False,2024-10-01 00:00:00+00:00,2024-10-12 11:52:43+00:00
2024-10-12,2024-10-24,3,611,False,2024-10-12 21:51:36+00:00,2024-10-24 00:00:00+00:00
2024-10-24,2024-11-16,2,1000,True,2024-10-24 00:00:00+00:00,2024-11-08 08:14:34+00:00
2024-10-24,2024-11-04,3,657,False,2024-10-24 00:00:00+00:00,2024-11-04 11:10:08+00:00
2024-11-04,2024-11-16,3,1000,True,2024-11-04 12:11:21+00:00,2024-11-14 17:52:34+00:00
2024-11-04,2024-11-10,4,420,False,2024-11-04 12:11:21+00:00,2024-11-10 06:00:00+00:00
2024-11-10,2024-11-16,4,696,False,2024-11-10 06:00:00+00:00,2024-11-16 00:00:00+00:00
2024-11-16,2025-01-01,1,1000,True,2024-11-16 00:00:00+00:00,2024-12-02 13:22:00+00:00
2024-11-16,2024-12-09,2,1000,True,2024-11-16 00:00:00+00:00,2024-12-02 13:22:00+00:00
2024-11-16,2024-11-27,3,782,False,2024-11-16 00:00:00+00:00,2024-11-27 11:09:00+00:00
2024-11-27,2024-12-09,3,654,False,2024-11-27 12:20:00+00:00,2024-12-09 00:00:00+00:00
2024-12-09,2025-01-01,2,1000,True,2024-12-09 00:00:00+00:00,2024-12-24 09:25:00+00:00
2024-12-09,2024-12-20,3,848,False,2024-12-09 00:00:00+00:00,2024-12-20 11:54:00+00:00
2024-12-20,2025-01-01,3,1000,True,2024-12-20 12:20:00+00:00,2024-12-31 23:59:59+00:00
2024-12-20,2024-12-26,4,207,False,2024-12-20 12:20:00+00:00,2024-12-26 05:45:00+00:00
2024-12-26,2025-01-01,4,841,False,2024-12-26 06:44:54+00:00,2025-01-01 00:00:00+00:00
2025-01-01,2025-04-01,0,1000,True,2025-01-01 00:00:00+00:00,2025-01-23 12:58:46+00:00
2025-01-01,2025-02-15,1,1000,True,2025-01-01 00:00:00+00:00,2025-01-23 12:58:46+00:00
2025-01-01,2025-01-23,2,996,False,2025-01-01 00:00:00+00:00,2025-01-23 11:40:00+00:00
2025-01-23,2025-02-15,2,1000,True,2025-01-23 12:26:00+00:00,2025-02-10 09:29:00+00:00
2025-01-23,2025-02-03,3,538,False,2025-01-23 12:26:00+00:00,2025-02-03 17:38:00+00:00
2025-02-03,2025-02-15,3,1000,True,2025-02-03 18:09:42+00:00,2025-02-14 08:33:00+00:00
2025-02-03,2025-02-09,4,373,False,2025-02-03 18:09:42+00:00,2025-02-09 08:28:00+00:00
2025-02-09,2025-02-15,4,690,False,2025-02-09 09:32:00+00:00,2025-02-15 00:00:00+00:00
2025-02-15,2025-04-01,1,1000,True,2025-02-15 00:00:00+00:00,2025-02-26 14:42:24+00:00
2025-02-15,2025-03-09,2,1000,True,2025-02-15 00:00:00+00:00,2025-02-26 14:42:24+00:00
2025-02-15,2025-02-26,3,961,False,2025-02-15 00:00:00+00:00,2025-02-26 05:30:00+00:00
2025-02-26,2025-03-09,3,1000,True,2025-02-26 06:04:00+00:00,2025-03-09 02:33:17+00:00
2025-02-26,2025-03-03,4,493,False,2025-02-26 06:04:00+00:00,2025-03-03 20:21:00+00:00
2025-03-03,2025-03-09,4,544,False,2025-03-03 21:18:00+00:00,2025-03-09 11:51:40+00:00
2025-03-09,2025-04-01,2,1000,True,2025-03-09 12:30:00+00:00,2025-03-19 09:35:00+00:00
2025-03-09,2025-03-20,3,1000,True,2025-03-09 12:30:00+00:00,2025-03-19 09:35:00+00:00
2025-03-09,2025-03-15,4,675,False,2025-03-09 12:30:00+00:00,2025-03-15 02:48:33+00:00
2025-03-15,2025-03-20,4,475,False,2025-03-15 03:06:16+00:00,2025-03-20 17:31:00+00:00
2025-03-20,2025-04-01,3,985,False,2025-03-20 19:28:00+00:00,2025-04-01 00:00:00+00:00
2025-04-01,2025-07-01,0,1000,True,2025-04-01 00:00:00+00:00,2025-04-09 12:32:00+00:00
2025-04-01,2025-05-16,1,1000,True,2025-04-01 00:00:00+00:00,2025-04-09 12:32:00+00:00
2025-04-01,2025-04-23,2,1000,True,2025-04-01 00:00:00+00:00,2025-04-09 12:32:00+00:00
2025-04-01,2025-04-12,3,1000,True,2025-04-01 00:00:00+00:00,2025-04-09 12:32:00+00:00
2025-04-01,2025-04-06,4,654,False,2025-04-01 00:00:00+00:00,2025-04-06 16:08:45+00:00
2025-04-06,2025-04-12,4,632,False,2025-04-06 16:52:23+00:00,2025-04-12 08:22:00+00:00
2025-04-12,2025-04-23,3,1000,True,2025-04-12 09:28:00+00:00,2025-04-23 17:14:00+00:00
2025-04-12,2025-04-18,4,526,False,2025-04-12 09:28:00+00:00,2025-04-18 01:27:51+00:00
2025-04-18,2025-04-23,4,476,False,2025-04-18 01:32:07+00:00,2025-04-23 17:30:00+00:00
2025-04-23,2025-05-16,2,1000,True,2025-04-23 18:13:00+00:00,2025-04-30 00:00:00+00:00
2025-04-23,2025-05-05,3,1000,True,2025-04-23 18:13:00+00:00,2025-04-30 00:00:00+00:00
2025-04-23,2025-04-29,4,962,False,2025-04-23 18:13:00+00:00,2025-04-29 10:30:00+00:00
2025-04-29,2025-05-05,4,607,False,2025-04-29 10:30:00+00:00,2025-05-05 02:20:56+00:00
2025-05-05,2025-05-16,3,1000,True,2025-05-05 03:07:00+00:00,2025-05-13 00:16:09+00:00
2025-05-05,2025-05-10,4,775,False,2025-05-05 03:07:00+00:00,2025-05-10 15:52:29+00:00
2025-05-10,2025-05-16,4,773,False,2025-05-10 20:52:51+00:00,2025-05-16 11:00:00+00:00
2025-05-16,2025-07-01,1,1000,True,2025-05-16 12:05:00+00:00,2025-05-27 12:00:00+00:00
2025-05-16,2025-06-08,2,1000,True,2025-05-16 12:05:00+00:00,2025-05-27 12:00:00+00:00
2025-05-16,2025-05-27,3,1000,True,2025-05-16 12:05:00+00:00,2025-05-27 12:00:00+00:00
2025-05-16,2025-05-22,4,587,False,2025-05-16 12:05:00+00:00,2025-05-22 04:24:00+00:00
2025-05-22,2025-05-27,4,456,False,2025-05-22 04:34:54+00:00,2025-05-27 20:45:00+00:00
2025-05-27,2025-06-08,3,1000,True,2025-05-27 21:10:00+00:00,2025-06-04 00:00:00+00:00
2025-05-27,2025-06-02,4,674,False,2025-05-27 21:10:00+00:00,2025-06-02 13:27:00+00:00
2025-06-02,2025-06-08,4,760,False,2025-06-02 13:40:11+00:00,2025-06-08 04:19:00+00:00
2025-06-08,2025-07-01,2,1000,True,2025-06-08 07:59:00+00:00,2025-06-17 00:00:00+00:00
2025-06-08,2025-06-19,3,1000,True,2025-06-08 07:59:00+00:00,2025-06-17 00:00:00+00:00
2025-06-08,2025-06-13,4,732,False,2025-06-08 07:59:00+00:00,2025-06-13 22:16:34+00:00
2025-06-13,2025-06-19,4,627,False,2025-06-13 22:31:39+00:00,2025-06-19 14:08:48+00:00
2025-06-19,2025-07-01,3,1000,True,2025-06-19 15:28:42+00:00,2025-06-21 09:22:00+00:00
2025-06-19,2025-06-25,4,1000,True,2025-06-19 15:28:42+00:00,2025-06-21 09:22:00+00:00
2025-06-19,2025-06-22,5,1000,True,2025-06-19 15:28:42+00:00,2025-06-21 09:22:00+00:00
2025-06-19,2025-06-21,6,990,False,2025-06-19 15:28:42+00:00,2025-06-21 00:00:00+00:00
2025-06-21,2025-06-22,6,46,False,2025-06-21 02:52:00+00:00,2025-06-22 10:00:00+00:00
2025-06-22,2025-06-25,5,753,False,2025-06-22 11:51:29+00:00,2025-06-25 07:19:00+00:00
2025-06-25,2025-07-01,4,769,False,2025-06-25 07:47:00+00:00,2025-07-01 00:00:00+00:00
2025-07-01,2025-10-01,0,1000,True,2025-07-01 00:00:00+00:00,2025-07-08 10:17:00+00:00
2025-07-01,2025-08-16,1,1000,True,2025-07-01 00:00:00+00:00,2025-07-08 10:17:00+00:00
2025-07-01,2025-07-24,2,1000,True,2025-07-01 00:00:00+00:00,2025-07-08 10:17:00+00:00
2025-07-01,2025-07-12,3,1000,True,2025-07-01 00:00:00+00:00,2025-07-08 10:17:00+00:00
2025-07-01,2025-07-06,4,732,False,2025-07-01 00:00:00+00:00,2025-07-06 13:08:25+00:00
2025-07-06,2025-07-12,4,1000,True,2025-07-06 18:08:00+00:00,2025-07-12 04:01:46+00:00
2025-07-06,2025-07-09,5,490,False,2025-07-06 18:08:00+00:00,2025-07-09 14:11:04+00:00
2025-07-09,2025-07-12,5,525,False,2025-07-09 15:09:00+00:00,2025-07-12 11:37:00+00:00
2025-07-12,2025-07-24,3,1000,True,2025-07-12 12:52:18+00:00,2025-07-17 06:15:00+00:00
2025-07-12,2025-07-18,4,1000,True,2025-07-12 12:52:18+00:00,2025-07-17 06:15:00+00:00
2025-07-12,2025-07-15,5,342,False,2025-07-12 12:52:18+00:00,2025-07-15 09:00:00+00:00
2025-07-15,2025-07-18,5,916,False,2025-07-15 09:00:00+00:00,2025-07-18 05:51:19+00:00
2025-07-18,2025-07-24,4,978,False,2025-07-18 06:09:16+00:00,2025-07-24 00:00:00+00:00
2025-07-24,2025-08-16,2,1000,True,2025-07-24 00:00:00+00:00,2025-07-29 16:30:00+00:00
2025-07-24,2025-08-04,3,1000,True,2025-07-24 00:00:00+00:00,2025-07-29 16:30:00+00:00
2025-07-24,2025-07-29,4,1000,True,2025-07-24 00:00:00+00:00,2025-07-29 16:30:00+00:00
2025-07-24,2025-07-26,5,481,False,2025-07-24 00:00:00+00:00,2025-07-26 20:51:39+00:00
2025-07-26,2025-07-29,5,775,False,2025-07-26 21:03:35+00:00,2025-07-29 18:00:00+00:00
2025-07-29,2025-08-04,4,1000,True,2025-07-29 18:00:00+00:00,2025-08-02 18:39:31+00:00
2025-07-29,2025-08-01,5,835,False,2025-07-29 18:00:00+00:00,2025-08-01 14:59:00+00:00
2025-08-01,2025-08-04,5,365,False,2025-08-01 15:05:00+00:00,2025-08-04 11:51:39+00:00
2025-08-04,2025-08-16,3,1000,True,2025-08-04 12:03:00+00:00,2025-08-05 20:01:27+00:00
2025-08-04,2025-08-10,4,1000,True,2025-08-04 12:03:00+00:00,2025-08-05 20:01:27+00:00
2025-08-04,2025-08-07,5,1000,True,2025-08-04 12:03:00+00:00,2025-08-05 20:01:27+00:00
2025-08-04,2025-08-05,6,1000,True,2025-08-04 12:03:00+00:00,2025-08-05 20:01:27+00:00
2025-08-04,2025-08-05,7,213,False,2025-08-04 12:03:00+00:00,2025-08-05 05:08:58+00:00
2025-08-05,2025-08-05,7,826,False,2025-08-05 06:07:00+00:00,2025-08-05 22:15:00+00:00
2025-08-05,2025-08-07,6,463,False,2025-08-05 22:51:00+00:00,2025-08-07 08:54:00+00:00
2025-08-07,2025-08-10,5,860,False,2025-08-07 09:02:00+00:00,2025-08-10 06:00:00+00:00
2025-08-10,2025-08-16,4,1000,True,2025-08-10 06:00:00+00:00,2025-08-14 02:20:00+00:00
2025-08-10,2025-08-13,5,669,False,2025-08-10 06:00:00+00:00,2025-08-13 03:00:00+00:00
2025-08-13,2025-08-16,5,921,False,2025-08-13 03:00:00+00:00,2025-08-16 00:00:00+00:00
2025-08-16,2025-10-01,1,0,False,,
2025-10-01,2026-01-01,0,1000,True,2025-10-01 00:00:00+00:00,2025-10-03 15:30:03+00:00
2025-10-01,2025-11-16,1,1000,True,2025-10-01 00:00:00+00:00,2025-10-03 15:30:03+00:00
2025-10-01,2025-10-24,2,1000,True,2025-10-01 00:00:00+00:00,2025-10-03 15:30:03+00:00
2025-10-01,2025-10-12,3,1000,True,2025-10-01 00:00:00+00:00,2025-10-03 15:30:03+00:00
2025-10-01,2025-10-06,4,1000,True,2025-10-01 00:00:00+00:00,2025-10-03 15:30:03+00:00
2025-10-01,2025-10-03,5,1000,True,2025-10-01 00:00:00+00:00,2025-10-03 15:30:03+00:00
2025-10-01,2025-10-02,6,286,False,2025-10-01 00:00:00+00:00,2025-10-02 10:23:00+00:00
2025-10-02,2025-10-03,6,1000,True,2025-10-02 10:34:00+00:00,2025-10-03 17:03:00+00:00
2025-10-02,2025-10-03,7,138,False,2025-10-02 10:34:00+00:00,2025-10-03 03:09:30+00:00
2025-10-03,2025-10-03,7,885,False,2025-10-03 03:51:53+00:00,2025-10-03 20:58:53+00:00
2025-10-03,2025-10-06,5,347,False,2025-10-03 21:52:00+00:00,2025-10-06 17:52:21+00:00
2025-10-06,2025-10-12,4,1000,True,2025-10-06 18:09:00+00:00,2025-10-10 16:05:00+00:00
2025-10-06,2025-10-09,5,771,False,2025-10-06 18:09:00+00:00,2025-10-09 15:00:00+00:00
2025-10-09,2025-10-12,5,1000,True,2025-10-09 15:00:00+00:00,2025-10-11 00:00:00+00:00
2025-10-09,2025-10-11,6,1000,True,2025-10-09 15:00:00+00:00,2025-10-11 00:00:00+00:00
2025-10-09,2025-10-10,7,168,False,2025-10-09 15:00:00+00:00,2025-10-10 08:09:37+00:00
2025-10-10,2025-10-11,7,859,False,2025-10-10 08:18:00+00:00,2025-10-11 01:02:00+00:00
2025-10-11,2025-10-12,6,1000,True,2025-10-11 01:58:44+00:00,2025-10-12 06:58:17+00:00
2025-10-11,2025-10-11,7,157,False,2025-10-11 01:58:44+00:00,2025-10-11 18:44:33+00:00
2025-10-11,2025-10-12,7,1000,True,2025-10-11 18:45:36+00:00,2025-10-12 07:31:47+00:00
2025-10-11,2025-10-12,8,420,False,2025-10-11 18:45:36+00:00,2025-10-12 03:16:02+00:00
2025-10-12,2025-10-12,8,1000,True,2025-10-12 03:24:36+00:00,2025-10-12 09:09:33+00:00
2025-10-12,2025-10-24,3,1000,True,2025-10-12 12:02:00+00:00,2025-10-12 23:34:02+00:00
2025-10-12,2025-10-18,4,1000,True,2025-10-12 12:02:00+00:00,2025-10-12 23:34:02+00:00
2025-10-12,2025-10-15,5,1000,True,2025-10-12 12:02:00+00:00,2025-10-12 23:34:02+00:00
2025-10-12,2025-10-13,6,1000,True,2025-10-12 12:02:00+00:00,2025-10-12 23:34:02+00:00
2025-10-12,2025-10-13,7,1000,True,2025-10-12 12:02:00+00:00,2025-10-12 23:34:02+00:00
2025-10-12,2025-10-12,8,771,False,2025-10-12 12:02:00+00:00,2025-10-12 20:35:44+00:00
2025-10-12,2025-10-13,8,823,False,2025-10-12 20:37:58+00:00,2025-10-13 05:14:54+00:00
2025-10-13,2025-10-13,7,1000,True,2025-10-13 05:16:12+00:00,2025-10-13 08:36:31+00:00
2025-10-13,2025-10-13,8,1000,True,2025-10-13 05:16:12+00:00,2025-10-13 08:36:31+00:00
2025-10-13,2025-10-13,8,1000,True,2025-10-13 13:52:15+00:00,2025-10-13 16:22:00+00:00
2025-10-13,2025-10-15,6,1000,True,2025-10-13 22:30:00+00:00,2025-10-14 05:59:36+00:00
2025-10-13,2025-10-14,7,1000,True,2025-10-13 22:30:00+00:00,2025-10-14 05:59:36+00:00
2025-10-13,2025-10-14,8,1000,True,2025-10-13 22:30:00+00:00,2025-10-14 05:59:36+00:00
2025-10-14,2025-10-14,8,1000,True,2025-10-14 07:07:06+00:00,2025-10-14 09:03:43+00:00
2025-10-14,2025-10-15,7,1000,True,2025-10-14 15:45:02+00:00,2025-10-14 17:43:06+00:00
2025-10-14,2025-10-15,8,1000,True,2025-10-14 15:45:02+00:00,2025-10-14 17:43:06+00:00
2025-10-15,2025-10-15,8,1000,True,2025-10-15 00:22:00+00:00,2025-10-15 06:13:43+00:00
2025-10-15,2025-10-18,5,1000,True,2025-10-15 09:00:00+00:00,2025-10-15 10:49:08+00:00
2025-10-15,2025-10-16,6,1000,True,2025-10-15 09:00:00+00:00,2025-10-15 10:49:08+00:00
2025-10-15,2025-10-16,7,1000,True,2025-10-15 09:00:00+00:00,2025-10-15 10:49:08+00:00
2025-10-15,2025-10-15,8,1000,True,2025-10-15 09:00:00+00:00,2025-10-15 10:49:08+00:00
2025-10-15,2025-10-16,8,1000,True,2025-10-15 17:37:05+00:00,2025-10-15 20:34:18+00:00
2025-10-16,2025-10-16,7,1000,True,2025-10-16 02:16:22+00:00,2025-10-16 06:24:20+00:00
2025-10-16,2025-10-16,8,1000,True,2025-10-16 02:16:22+00:00,2025-10-16 06:24:20+00:00
2025-10-16,2025-10-16,8,1000,True,2025-10-16 10:52:00+00:00,2025-10-16 12:25:13+00:00
2025-10-16,2025-10-18,6,1000,True,2025-10-16 19:30:00+00:00,2025-10-16 21:39:23+00:00
2025-10-16,2025-10-17,7,1000,True,2025-10-16 19:30:00+00:00,2025-10-16 21:39:23+00:00
2025-10-16,2025-10-17,8,1000,True,2025-10-16 19:30:00+00:00,2025-10-16 21:39:23+00:00
2025-10-17,2025-10-17,8,1000,True,2025-10-17 04:07:42+00:00,2025-10-17 07:40:55+00:00
2025-10-17,2025-10-18,7,1000,True,2025-10-17 12:45:00+00:00,2025-10-17 14:30:57+00:00
2025-10-17,2025-10-17,8,1000,True,2025-10-17 12:45:00+00:00,2025-10-17 14:30:57+00:00
2025-10-17,2025-10-18,8,1000,True,2025-10-17 21:22:00+00:00,2025-10-18 04:12:02+00:00
2025-10-18,2025-10-24,4,1000,True,2025-10-18 06:00:01+00:00,2025-10-18 08:53:26+00:00
2025-10-18,2025-10-21,5,1000,True,2025-10-18 06:00:01+00:00,2025-10-18 08:53:26+00:00
2025-10-18,2025-10-19,6,1000,True,2025-10-18 06:00:01+00:00,2025-10-18 08:53:26+00:00
2025-10-18,2025-10-18,7,1000,True,2025-10-18 06:00:01+00:00,2025-10-18 08:53:26+00:00
2025-10-18,2025-10-18,8,1000,True,2025-10-18 06:00:01+00:00,2025-10-18 08:53:26+00:00
2025-10-18,2025-10-18,8,797,False,2025-10-18 14:37:48+00:00,2025-10-18 23:14:01+00:00
2025-10-18,2025-10-19,7,1000,True,2025-10-18 23:15:27+00:00,2025-10-19 07:46:44+00:00
2025-10-18,2025-10-19,8,1000,True,2025-10-18 23:15:27+00:00,2025-10-19 07:46:44+00:00
2025-10-19,2025-10-19,8,1000,True,2025-10-19 07:52:02+00:00,2025-10-19 10:46:32+00:00
2025-10-19,2025-10-21,6,1000,True,2025-10-19 16:30:52+00:00,2025-10-20 14:01:51+00:00
2025-10-19,2025-10-20,7,805,False,2025-10-19 16:30:52+00:00,2025-10-20 09:38:00+00:00
2025-10-20,2025-10-21,7,660,False,2025-10-20 09:49:00+00:00,2025-10-21 02:58:13+00:00
2025-10-21,2025-10-24,5,1000,True,2025-10-21 03:02:05+00:00,2025-10-22 08:02:29+00:00
2025-10-21,2025-10-22,6,1000,True,2025-10-21 03:02:05+00:00,2025-10-22 08:02:29+00:00
2025-10-21,2025-10-21,7,626,False,2025-10-21 03:02:05+00:00,2025-10-21 20:06:00+00:00
2025-10-21,2025-10-22,7,595,False,2025-10-21 20:19:00+00:00,2025-10-22 13:18:00+00:00
2025-10-22,2025-10-24,6,1000,True,2025-10-22 13:31:00+00:00,2025-10-23 10:02:19+00:00
2025-10-22,2025-10-23,7,836,False,2025-10-22 13:31:00+00:00,2025-10-23 06:43:28+00:00
2025-10-23,2025-10-24,7,1000,True,2025-10-23 06:46:00+00:00,2025-10-23 16:30:00+00:00
2025-10-23,2025-10-23,8,478,False,2025-10-23 06:46:00+00:00,2025-10-23 15:22:00+00:00
2025-10-23,2025-10-24,8,1000,True,2025-10-23 15:22:00+00:00,2025-10-23 23:31:28+00:00
2025-10-24,2025-11-16,2,1000,True,2025-10-24 00:00:00+00:00,2025-10-25 06:02:24+00:00
2025-10-24,2025-11-04,3,1000,True,2025-10-24 00:00:00+00:00,2025-10-25 06:02:24+00:00
2025-10-24,2025-10-29,4,1000,True,2025-10-24 00:00:00+00:00,2025-10-25 06:02:24+00:00
2025-10-24,2025-10-26,5,1000,True,2025-10-24 00:00:00+00:00,2025-10-25 06:02:24+00:00
2025-10-24,2025-10-25,6,1000,True,2025-10-24 00:00:00+00:00,2025-10-25 06:02:24+00:00
2025-10-24,2025-10-24,7,705,False,2025-10-24 00:00:00+00:00,2025-10-24 17:14:00+00:00
2025-10-24,2025-10-25,7,361,False,2025-10-24 17:16:00+00:00,2025-10-25 10:02:46+00:00
2025-10-25,2025-10-26,6,547,False,2025-10-25 10:31:54+00:00,2025-10-26 20:32:27+00:00
2025-10-26,2025-10-29,5,1000,True,2025-10-26 21:02:32+00:00,2025-10-27 16:30:00+00:00
2025-10-26,2025-10-28,6,1000,True,2025-10-26 21:02:32+00:00,2025-10-27 16:30:00+00:00
2025-10-26,2025-10-27,7,459,False,2025-10-26 21:02:32+00:00,2025-10-27 14:15:00+00:00
2025-10-27,2025-10-28,7,1000,True,2025-10-27 14:15:00+00:00,2025-10-27 21:52:00+00:00
2025-10-27,2025-10-27,8,1000,True,2025-10-27 14:15:00+00:00,2025-10-27 21:52:00+00:00
2025-10-27,2025-10-28,8,250,False,2025-10-27 22:58:31+00:00,2025-10-28 07:30:00+00:00
2025-10-28,2025-10-29,6,1000,True,2025-10-28 07:30:00+00:00,2025-10-28 16:30:00+00:00
2025-10-28,2025-10-29,7,1000,True,2025-10-28 07:30:00+00:00,2025-10-28 16:30:00+00:00
2025-10-28,2025-10-28,8,400,False,2025-10-28 07:30:00+00:00,2025-10-28 16:06:00+00:00
2025-10-28,2025-10-29,8,1000,True,2025-10-28 16:09:00+00:00,2025-10-28 20:01:04+00:00
2025-10-29,2025-10-29,7,1000,True,2025-10-29 00:46:00+00:00,2025-10-29 16:30:00+00:00
2025-10-29,2025-10-29,8,486,False,2025-10-29 00:46:00+00:00,2025-10-29 09:11:00+00:00
2025-10-29,2025-10-29,8,1000,True,2025-10-29 09:25:00+00:00,2025-10-29 16:30:00+00:00
2025-10-29,2025-11-04,4,1000,True,2025-10-29 18:00:00+00:00,2025-10-30 16:30:00+00:00
2025-10-29,2025-11-01,5,1000,True,2025-10-29 18:00:00+00:00,2025-10-30 16:30:00+00:00
2025-10-29,2025-10-31,6,1000,True,2025-10-29 18:00:00+00:00,2025-10-30 16:30:00+00:00
2025-10-29,2025-10-30,7,593,False,2025-10-29 18:00:00+00:00,2025-10-30 11:12:00+00:00
2025-10-30,2025-10-31,7,1000,True,2025-10-30 11:18:00+00:00,2025-10-30 16:30:00+00:00
2025-10-30,2025-10-30,8,1000,True,2025-10-30 11:18:00+00:00,2025-10-30 16:30:00+00:00
2025-10-30,2025-10-31,8,342,False,2025-10-30 20:01:26+00:00,2025-10-31 04:30:00+00:00
2025-10-31,2025-11-01,6,1000,True,2025-10-31 04:30:00+00:00,2025-10-31 16:27:00+00:00
2025-10-31,2025-10-31,7,1000,True,2025-10-31 04:30:00+00:00,2025-10-31 16:27:00+00:00
2025-10-31,2025-10-31,8,850,False,2025-10-31 04:30:00+00:00,2025-10-31 13:02:25+00:00
2025-10-31,2025-10-31,8,1000,True,2025-10-31 13:09:38+00:00,2025-10-31 16:30:00+00:00
2025-10-31,2025-11-01,7,894,False,2025-10-31 21:52:00+00:00,2025-11-01 14:57:44+00:00
2025-11-01,2025-11-04,5,1000,True,2025-11-01 15:01:12+00:00,2025-11-02 10:54:37+00:00
2025-11-01,2025-11-03,6,1000,True,2025-11-01 15:01:12+00:00,2025-11-02 10:54:37+00:00
2025-11-01,2025-11-02,7,798,False,2025-11-01 15:01:12+00:00,2025-11-02 08:08:28+00:00
2025-11-02,2025-11-03,7,1000,True,2025-11-02 08:29:17+00:00,2025-11-02 12:00:00+00:00
2025-11-02,2025-11-02,8,1000,True,2025-11-02 08:29:17+00:00,2025-11-02 12:00:00+00:00
2025-11-02,2025-11-03,8,514,False,2025-11-02 16:56:18+00:00,2025-11-03 01:29:38+00:00
2025-11-03,2025-11-04,6,1000,True,2025-11-03 01:31:17+00:00,2025-11-03 09:43:00+00:00
2025-11-03,2025-11-03,7,1000,True,2025-11-03 01:31:17+00:00,2025-11-03 09:43:00+00:00
2025-11-03,2025-11-03,8,1000,True,2025-11-03 01:31:17+00:00,2025-11-03 09:43:00+00:00
2025-11-03,2025-11-03,8,1000,True,2025-11-03 10:07:15+00:00,2025-11-03 12:46:36+00:00
2025-11-03,2025-11-04,7,1000,True,2025-11-03 18:46:22+00:00,2025-11-04 07:46:00+00:00
2025-11-03,2025-11-04,8,532,False,2025-11-03 18:46:22+00:00,2025-11-04 03:22:00+00:00
2025-11-04,2025-11-04,8,1000,True,2025-11-04 03:22:00+00:00,2025-11-04 09:13:00+00:00
2025-11-04,2025-11-16,3,1000,True,2025-11-04 12:00:00+00:00,2025-11-04 16:30:00+00:00
2025-11-04,2025-11-10,4,1000,True,2025-11-04 12:00:00+00:00,2025-11-04 16:30:00+00:00
2025-11-04,2025-11-07,5,1000,True,2025-11-04 12:00:00+00:00,2025-11-04 16:30:00+00:00
2025-11-04,2025-11-05,6,1000,True,2025-11-04 12:00:00+00:00,2025-11-04 16:30:00+00:00
2025-11-04,2025-11-05,7,1000,True,2025-11-04 12:00:00+00:00,2025-11-04 16:30:00+00:00
2025-11-04,2025-11-04,8,1000,True,2025-11-04 12:00:00+00:00,2025-11-04 16:30:00+00:00
2025-11-04,2025-11-05,8,435,False,2025-11-04 20:37:44+00:00,2025-11-05 05:15:00+00:00
2025-11-05,2025-11-05,7,1000,True,2025-11-05 05:15:00+00:00,2025-11-05 10:22:11+00:00
2025-11-05,2025-11-05,8,1000,True,2025-11-05 05:15:00+00:00,2025-11-05 10:22:11+00:00
2025-11-05,2025-11-05,8,1000,True,2025-11-05 13:52:00+00:00,2025-11-05 16:30:00+00:00
2025-11-05,2025-11-07,6,1000,True,2025-11-05 22:32:00+00:00,2025-11-06 10:30:49+00:00
2025-11-05,2025-11-06,7,1000,True,2025-11-05 22:32:00+00:00,2025-11-06 10:30:49+00:00
2025-11-05,2025-11-06,8,469,False,2025-11-05 22:32:00+00:00,2025-11-06 07:06:00+00:00
2025-11-06,2025-11-06,8,1000,True,2025-11-06 07:08:07+00:00,2025-11-06 12:18:56+00:00
2025-11-06,2025-11-07,7,1000,True,2025-11-06 15:45:00+00:00,2025-11-06 16:30:00+00:00
2025-11-06,2025-11-07,8,1000,True,2025-11-06 15:45:00+00:00,2025-11-06 16:30:00+00:00
2025-11-07,2025-11-07,8,550,False,2025-11-07 00:22:38+00:00,2025-11-07 09:00:00+00:00
2025-11-07,2025-11-10,5,1000,True,2025-11-07 09:00:00+00:00,2025-11-07 16:09:56+00:00
2025-11-07,2025-11-08,6,1000,True,2025-11-07 09:00:00+00:00,2025-11-07 16:09:56+00:00
2025-11-07,2025-11-08,7,1000,True,2025-11-07 09:00:00+00:00,2025-11-07 16:09:56+00:00
2025-11-07,2025-11-07,8,1000,True,2025-11-07 09:00:00+00:00,2025-11-07 16:09:56+00:00
2025-11-07,2025-11-08,8,303,False,2025-11-07 17:42:00+00:00,2025-11-08 02:10:00+00:00
2025-11-08,2025-11-08,7,1000,True,2025-11-08 02:15:30+00:00,2025-11-08 07:55:56+00:00
2025-11-08,2025-11-08,8,1000,True,2025-11-08 02:15:30+00:00,2025-11-08 07:55:56+00:00
2025-11-08,2025-11-08,8,583,False,2025-11-08 11:00:00+00:00,2025-11-08 19:10:37+00:00
2025-11-08,2025-11-10,6,1000,True,2025-11-08 19:38:00+00:00,2025-11-09 11:56:23+00:00
2025-11-08,2025-11-09,7,1000,True,2025-11-08 19:38:00+00:00,2025-11-09 11:56:23+00:00
2025-11-08,2025-11-09,8,177,False,2025-11-08 19:38:00+00:00,2025-11-09 04:06:30+00:00
2025-11-09,2025-11-09,8,906,False,2025-11-09 04:10:01+00:00,2025-11-09 12:42:18+00:00
2025-11-09,2025-11-10,7,767,False,2025-11-09 12:45:23+00:00,2025-11-10 06:00:00+00:00
2025-11-10,2025-11-16,4,1000,True,2025-11-10 06:00:00+00:00,2025-11-10 12:09:42+00:00
2025-11-10,2025-11-13,5,1000,True,2025-11-10 06:00:00+00:00,2025-11-10 12:09:42+00:00
2025-11-10,2025-11-11,6,1000,True,2025-11-10 06:00:00+00:00,2025-11-10 12:09:42+00:00
2025-11-10,2025-11-10,7,1000,True,2025-11-10 06:00:00+00:00,2025-11-10 12:09:42+00:00
2025-11-10,2025-11-10,8,1000,True,2025-11-10 06:00:00+00:00,2025-11-10 12:09:42+00:00
2025-11-10,2025-11-10,8,817,False,2025-11-10 14:38:00+00:00,2025-11-10 23:14:00+00:00
2025-11-10,2025-11-11,7,1000,True,2025-11-10 23:18:00+00:00,2025-11-11 12:45:44+00:00
2025-11-10,2025-11-11,8,314,False,2025-11-10 23:18:00+00:00,2025-11-11 07:52:00+00:00
2025-11-11,2025-11-11,8,1000,True,2025-11-11 07:52:00+00:00,2025-11-11 15:20:00+00:00
2025-11-11,2025-11-13,6,1000,True,2025-11-11 16:30:00+00:00,2025-11-12 12:08:00+00:00
2025-11-11,2025-11-12,7,928,False,2025-11-11 16:30:00+00:00,2025-11-12 09:42:00+00:00
2025-11-12,2025-11-13,7,828,False,2025-11-12 09:50:00+00:00,2025-11-13 02:58:30+00:00
2025-11-13,2025-11-16,5,1000,True,2025-11-13 03:09:42+00:00,2025-11-13 23:44:00+00:00
2025-11-13,2025-11-14,6,1000,True,2025-11-13 03:09:42+00:00,2025-11-13 23:44:00+00:00
2025-11-13,2025-11-13,7,930,False,2025-11-13 03:09:42+00:00,2025-11-13 20:09:16+00:00
2025-11-13,2025-11-14,7,556,False,2025-11-13 20:23:00+00:00,2025-11-14 13:25:00+00:00
2025-11-14,2025-11-16,6,1000,True,2025-11-14 13:55:00+00:00,2025-11-15 14:39:40+00:00
2025-11-14,2025-11-15,7,856,False,2025-11-14 13:55:00+00:00,2025-11-15 06:36:00+00:00
2025-11-15,2025-11-16,7,574,False,2025-11-15 06:53:00+00:00,2025-11-16 00:00:00+00:00
2025-11-16,2026-01-01,1,1000,True,2025-11-16 00:00:00+00:00,2025-11-16 13:47:11+00:00
2025-11-16,2025-12-09,2,1000,True,2025-11-16 00:00:00+00:00,2025-11-16 13:47:11+00:00
2025-11-16,2025-11-27,3,1000,True,2025-11-16 00:00:00+00:00,2025-11-16 13:47:11+00:00
2025-11-16,2025-11-21,4,1000,True,2025-11-16 00:00:00+00:00,2025-11-16 13:47:11+00:00
2025-11-16,2025-11-18,5,1000,True,2025-11-16 00:00:00+00:00,2025-11-16 13:47:11+00:00
2025-11-16,2025-11-17,6,1000,True,2025-11-16 00:00:00+00:00,2025-11-16 13:47:11+00:00
2025-11-16,2025-11-16,7,1000,True,2025-11-16 00:00:00+00:00,2025-11-16 13:47:11+00:00
2025-11-16,2025-11-16,8,220,False,2025-11-16 00:00:00+00:00,2025-11-16 08:36:47+00:00
2025-11-16,2025-11-16,8,1000,True,2025-11-16 08:37:46+00:00,2025-11-16 14:46:00+00:00
2025-11-16,2025-11-17,7,1000,True,2025-11-16 17:19:10+00:00,2025-11-17 05:02:55+00:00
2025-11-16,2025-11-17,8,262,False,2025-11-16 17:19:10+00:00,2025-11-17 01:51:06+00:00
2025-11-17,2025-11-17,8,1000,True,2025-11-17 01:58:00+00:00,2025-11-17 06:46:00+00:00
2025-11-17,2025-11-18,6,1000,True,2025-11-17 10:30:11+00:00,2025-11-17 14:26:06+00:00
2025-11-17,2025-11-18,7,1000,True,2025-11-17 10:30:11+00:00,2025-11-17 14:26:06+00:00
2025-11-17,2025-11-17,8,1000,True,2025-11-17 10:30:11+00:00,2025-11-17 14:26:06+00:00
2025-11-17,2025-11-18,8,368,False,2025-11-17 19:07:00+00:00,2025-11-18 03:44:27+00:00
2025-11-18,2025-11-18,7,1000,True,2025-11-18 03:45:04+00:00,2025-11-18 12:09:14+00:00
2025-11-18,2025-11-18,8,1000,True,2025-11-18 03:45:04+00:00,2025-11-18 12:09:14+00:00
2025-11-18,2025-11-18,8,975,False,2025-11-18 12:22:00+00:00,2025-11-18 21:00:00+00:00
2025-11-18,2025-11-21,5,1000,True,2025-11-18 21:00:00+00:00,2025-11-19 10:25:00+00:00
2025-11-18,2025-11-20,6,1000,True,2025-11-18 21:00:00+00:00,2025-11-19 10:25:00+00:00
2025-11-18,2025-11-19,7,1000,True,2025-11-18 21:00:00+00:00,2025-11-19 10:25:00+00:00
2025-11-18,2025-11-19,8,392,False,2025-11-18 21:00:00+00:00,2025-11-19 05:36:33+00:00
2025-11-19,2025-11-19,8,1000,True,2025-11-19 05:37:23+00:00,2025-11-19 12:25:00+00:00
2025-11-19,2025-11-20,7,972,False,2025-11-19 14:16:00+00:00,2025-11-20 07:30:00+00:00
2025-11-20,2025-11-21,6,1000,True,2025-11-20 07:30:00+00:00,2025-11-20 13:38:00+00:00
2025-11-20,2025-11-21,7,1000,True,2025-11-20 07:30:00+00:00,2025-11-20 13:38:00+00:00
2025-11-20,2025-11-20,8,1000,True,2025-11-20 07:30:00+00:00,2025-11-20 13:38:00+00:00
2025-11-20,2025-11-21,8,537,False,2025-11-20 16:07:00+00:00,2025-11-21 00:43:00+00:00
2025-11-21,2025-11-21,7,1000,True,2025-11-21 00:46:00+00:00,2025-11-21 12:03:26+00:00
2025-11-21,2025-11-21,8,543,False,2025-11-21 00:46:00+00:00,2025-11-21 09:22:00+00:00
2025-11-21,2025-11-21,8,1000,True,2025-11-21 09:22:00+00:00,2025-11-21 14:42:00+00:00
2025-11-21,2025-11-27,4,1000,True,2025-11-21 18:00:00+00:00,2025-11-22 11:01:25+00:00
2025-11-21,2025-11-24,5,1000,True,2025-11-21 18:00:00+00:00,2025-11-22 11:01:25+00:00
2025-11-21,2025-11-23,6,1000,True,2025-11-21 18:00:00+00:00,2025-11-22 11:01:25+00:00
2025-11-21,2025-11-22,7,1000,True,2025-11-21 18:00:00+00:00,2025-11-22 11:01:25+00:00
2025-11-21,2025-11-22,8,459,False,2025-11-21 18:00:00+00:00,2025-11-22 02:36:37+00:00
2025-11-22,2025-11-22,8,561,False,2025-11-22 02:38:00+00:00,2025-11-22 11:12:00+00:00
2025-11-22,2025-11-23,7,944,False,2025-11-22 11:16:43+00:00,2025-11-23 04:21:53+00:00
2025-11-23,2025-11-24,6,1000,True,2025-11-23 04:32:00+00:00,2025-11-23 12:51:30+00:00
2025-11-23,2025-11-23,7,1000,True,2025-11-23 04:32:00+00:00,2025-11-23 12:51:30+00:00
2025-11-23,2025-11-23,8,1000,True,2025-11-23 04:32:00+00:00,2025-11-23 12:51:30+00:00
2025-11-23,2025-11-23,8,494,False,2025-11-23 13:07:36+00:00,2025-11-23 21:38:00+00:00
2025-11-23,2025-11-24,7,1000,True,2025-11-23 21:48:00+00:00,2025-11-24 04:53:43+00:00
2025-11-23,2025-11-24,8,1000,True,2025-11-23 21:48:00+00:00,2025-11-24 04:53:43+00:00
2025-11-24,2025-11-24,8,1000,True,2025-11-24 06:24:00+00:00,2025-11-24 12:12:12+00:00
2025-11-24,2025-11-27,5,1000,True,2025-11-24 15:00:00+00:00,2025-11-25 07:00:00+00:00
2025-11-24,2025-11-26,6,1000,True,2025-11-24 15:00:00+00:00,2025-11-25 07:00:00+00:00
2025-11-24,2025-11-25,7,1000,True,2025-11-24 15:00:00+00:00,2025-11-25 07:00:00+00:00
2025-11-24,2025-11-24,8,695,False,2025-11-24 15:00:00+00:00,2025-11-24 23:36:26+00:00
2025-11-24,2025-11-25,8,449,False,2025-11-24 23:40:00+00:00,2025-11-25 08:15:00+00:00
2025-11-25,2025-11-26,7,1000,True,2025-11-25 08:15:00+00:00,2025-11-25 12:54:16+00:00
2025-11-25,2025-11-25,8,1000,True,2025-11-25 08:15:00+00:00,2025-11-25 12:54:16+00:00
2025-11-25,2025-11-26,8,616,False,2025-11-25 16:52:00+00:00,2025-11-26 01:21:00+00:00
2025-11-26,2025-11-27,6,1000,True,2025-11-26 01:32:00+00:00,2025-11-26 12:18:31+00:00
2025-11-26,2025-11-26,7,1000,True,2025-11-26 01:32:00+00:00,2025-11-26 12:18:31+00:00
2025-11-26,2025-11-26,8,563,False,2025-11-26 01:32:00+00:00,2025-11-26 10:06:34+00:00
2025-11-26,2025-11-26,8,1000,True,2025-11-26 10:07:56+00:00,2025-11-26 15:48:00+00:00
2025-11-26,2025-11-27,7,1000,True,2025-11-26 18:45:00+00:00,2025-11-27 11:11:57+00:00
2025-11-26,2025-11-27,8,380,False,2025-11-26 18:45:00+00:00,2025-11-27 03:21:57+00:00
2025-11-27,2025-11-27,8,802,False,2025-11-27 03:25:35+00:00,2025-11-27 12:00:00+00:00
2025-11-27,2025-12-09,3,1000,True,2025-11-27 12:00:00+00:00,2025-11-28 06:21:38+00:00
2025-11-27,2025-12-03,4,1000,True,2025-11-27 12:00:00+00:00,2025-11-28 06:21:38+00:00
2025-11-27,2025-11-30,5,1000,True,2025-11-27 12:00:00+00:00,2025-11-28 06:21:38+00:00
2025-11-27,2025-11-28,6,1000,True,2025-11-27 12:00:00+00:00,2025-11-28 06:21:38+00:00
2025-11-27,2025-11-28,7,970,False,2025-11-27 12:00:00+00:00,2025-11-28 05:15:00+00:00
2025-11-28,2025-11-28,7,1000,True,2025-11-28 05:15:00+00:00,2025-11-28 13:00:00+00:00
2025-11-28,2025-11-28,8,1000,True,2025-11-28 05:15:00+00:00,2025-11-28 13:00:00+00:00
2025-11-28,2025-11-28,8,591,False,2025-11-28 13:52:00+00:00,2025-11-28 22:30:00+00:00
2025-11-28,2025-11-30,6,1000,True,2025-11-28 22:30:00+00:00,2025-11-29 12:21:47+00:00
2025-11-28,2025-11-29,7,1000,True,2025-11-28 22:30:00+00:00,2025-11-29 12:21:47+00:00
2025-11-28,2025-11-29,8,308,False,2025-11-28 22:30:00+00:00,2025-11-29 07:05:44+00:00
2025-11-29,2025-11-29,8,1000,True,2025-11-29 07:07:03+00:00,2025-11-29 13:51:40+00:00
2025-11-29,2025-11-30,7,646,False,2025-11-29 15:50:00+00:00,2025-11-30 08:56:01+00:00
2025-11-30,2025-12-03,5,1000,True,2025-11-30 09:00:31+00:00,2025-11-30 14:15:00+00:00
2025-11-30,2025-12-01,6,1000,True,2025-11-30 09:00:31+00:00,2025-11-30 14:15:00+00:00
2025-11-30,2025-12-01,7,1000,True,2025-11-30 09:00:31+00:00,2025-11-30 14:15:00+00:00
2025-11-30,2025-11-30,8,1000,True,2025-11-30 09:00:31+00:00,2025-11-30 14:15:00+00:00
2025-11-30,2025-12-01,8,281,False,2025-11-30 17:38:45+00:00,2025-12-01 02:14:00+00:00
2025-12-01,2025-12-01,7,1000,True,2025-12-01 02:18:00+00:00,2025-12-01 05:10:09+00:00
2025-12-01,2025-12-01,8,1000,True,2025-12-01 02:18:00+00:00,2025-12-01 05:10:09+00:00
2025-12-01,2025-12-01,8,1000,True,2025-12-01 10:52:00+00:00,2025-12-01 16:51:44+00:00
2025-12-01,2025-12-03,6,1000,True,2025-12-01 19:30:00+00:00,2025-12-02 06:08:48+00:00
2025-12-01,2025-12-02,7,1000,True,2025-12-01 19:30:00+00:00,2025-12-02 06:08:48+00:00
2025-12-01,2025-12-02,8,608,False,2025-12-01 19:30:00+00:00,2025-12-02 04:06:00+00:00
2025-12-02,2025-12-02,8,1000,True,2025-12-02 04:08:00+00:00,2025-12-02 11:04:17+00:00
2025-12-02,2025-12-03,7,1000,True,2025-12-02 12:46:00+00:00,2025-12-02 23:33:00+00:00
2025-12-02,2025-12-02,8,827,False,2025-12-02 12:46:00+00:00,2025-12-02 21:21:45+00:00
2025-12-02,2025-12-03,8,1000,True,2025-12-02 21:25:55+00:00,2025-12-03 05:00:58+00:00
2025-12-03,2025-12-09,4,1000,True,2025-12-03 06:00:00+00:00,2025-12-03 12:48:03+00:00
2025-12-03,2025-12-06,5,1000,True,2025-12-03 06:00:00+00:00,2025-12-03 12:48:03+00:00
2025-12-03,2025-12-04,6,1000,True,2025-12-03 06:00:00+00:00,2025-12-03 12:48:03+00:00
2025-12-03,2025-12-03,7,1000,True,2025-12-03 06:00:00+00:00,2025-12-03 12:48:03+00:00
2025-12-03,2025-12-03,8,1000,True,2025-12-03 06:00:00+00:00,2025-12-03 12:48:03+00:00
2025-12-03,2025-12-03,8,863,False,2025-12-03 14:37:12+00:00,2025-12-03 23:15:00+00:00
2025-12-03,2025-12-04,7,1000,True,2025-12-03 23:15:00+00:00,2025-12-04 05:04:11+00:00
2025-12-03,2025-12-04,8,1000,True,2025-12-03 23:15:00+00:00,2025-12-04 05:04:11+00:00
2025-12-04,2025-12-04,8,1000,True,2025-12-04 07:52:41+00:00,2025-12-04 13:08:54+00:00
2025-12-04,2025-12-06,6,1000,True,2025-12-04 16:30:00+00:00,2025-12-05 03:53:04+00:00
2025-12-04,2025-12-05,7,1000,True,2025-12-04 16:30:00+00:00,2025-12-05 03:53:04+00:00
2025-12-04,2025-12-05,8,735,False,2025-12-04 16:30:00+00:00,2025-12-05 01:05:00+00:00
2025-12-05,2025-12-05,8,1000,True,2025-12-05 01:08:00+00:00,2025-12-05 05:03:00+00:00
2025-12-05,2025-12-06,7,1000,True,2025-12-05 09:45:01+00:00,2025-12-05 16:55:39+00:00
2025-12-05,2025-12-05,8,1000,True,2025-12-05 09:45:01+00:00,2025-12-05 16:55:39+00:00
2025-12-05,2025-12-06,8,440,False,2025-12-05 18:27:27+00:00,2025-12-06 02:54:00+00:00
2025-12-06,2025-12-09,5,1000,True,2025-12-06 03:08:03+00:00,2025-12-06 05:10:19+00:00
2025-12-06,2025-12-07,6,1000,True,2025-12-06 03:08:03+00:00,2025-12-06 05:10:19+00:00
2025-12-06,2025-12-06,7,1000,True,2025-12-06 03:08:03+00:00,2025-12-06 05:10:19+00:00
2025-12-06,2025-12-06,8,1000,True,2025-12-06 03:08:03+00:00,2025-12-06 05:10:19+00:00
2025-12-06,2025-12-06,8,494,False,2025-12-06 11:43:00+00:00,2025-12-06 20:10:05+00:00
2025-12-06,2025-12-07,7,1000,True,2025-12-06 20:18:00+00:00,2025-12-07 05:31:27+00:00
2025-12-06,2025-12-07,8,731,False,2025-12-06 20:18:00+00:00,2025-12-07 04:51:56+00:00
2025-12-07,2025-12-07,8,1000,True,2025-12-07 04:52:09+00:00,2025-12-07 11:07:56+00:00
2025-12-07,2025-12-09,6,1000,True,2025-12-07 13:30:00+00:00,2025-12-08 06:16:00+00:00
2025-12-07,2025-12-08,7,1000,True,2025-12-07 13:30:00+00:00,2025-12-08 06:16:00+00:00
2025-12-07,2025-12-07,8,439,False,2025-12-07 13:30:00+00:00,2025-12-07 22:06:00+00:00
2025-12-07,2025-12-08,8,571,False,2025-12-07 22:07:33+00:00,2025-12-08 06:35:00+00:00
2025-12-08,2025-12-09,7,1000,True,2025-12-08 06:46:00+00:00,2025-12-08 11:54:41+00:00
2025-12-08,2025-12-08,8,1000,True,2025-12-08 06:46:00+00:00,2025-12-08 11:54:41+00:00
2025-12-08,2025-12-09,8,1000,True,2025-12-08 15:22:03+00:00,2025-12-08 22:09:27+00:00
2025-12-09,2026-01-01,2,1000,True,2025-12-09 00:00:00+00:00,2025-12-09 08:22:38+00:00
2025-12-09,2025-12-20,3,1000,True,2025-12-09 00:00:00+00:00,2025-12-09 08:22:38+00:00
2025-12-09,2025-12-14,4,1000,True,2025-12-09 00:00:00+00:00,2025-12-09 08:22:38+00:00
2025-12-09,2025-12-11,5,1000,True,2025-12-09 00:00:00+00:00,2025-12-09 08:22:38+00:00
2025-12-09,2025-12-10,6,1000,True,2025-12-09 00:00:00+00:00,2025-12-09 08:22:38+00:00
2025-12-09,2025-12-09,7,1000,True,2025-12-09 00:00:00+00:00,2025-12-09 08:22:38+00:00
2025-12-09,2025-12-09,8,1000,True,2025-12-09 00:00:00+00:00,2025-12-09 08:22:38+00:00
2025-12-09,2025-12-09,8,1000,True,2025-12-09 08:38:00+00:00,2025-12-09 12:09:57+00:00
2025-12-09,2025-12-10,7,1000,True,2025-12-09 17:15:00+00:00,2025-12-10 00:25:52+00:00
2025-12-09,2025-12-10,8,1000,True,2025-12-09 17:15:00+00:00,2025-12-10 00:25:52+00:00
2025-12-10,2025-12-10,8,1000,True,2025-12-10 01:55:00+00:00,2025-12-10 10:08:33+00:00
2025-12-10,2025-12-11,6,1000,True,2025-12-10 10:30:00+00:00,2025-12-10 14:07:55+00:00
2025-12-10,2025-12-11,7,1000,True,2025-12-10 10:30:00+00:00,2025-12-10 14:07:55+00:00
2025-12-10,2025-12-10,8,1000,True,2025-12-10 10:30:00+00:00,2025-12-10 14:07:55+00:00
2025-12-10,2025-12-11,8,1000,True,2025-12-10 19:07:00+00:00,2025-12-11 03:12:00+00:00
2025-12-11,2025-12-11,7,1000,True,2025-12-11 03:46:00+00:00,2025-12-11 10:09:18+00:00
2025-12-11,2025-12-11,8,1000,True,2025-12-11 03:46:00+00:00,2025-12-11 10:09:18+00:00
2025-12-11,2025-12-11,8,1000,True,2025-12-11 12:22:00+00:00,2025-12-11 16:09:22+00:00
2025-12-11,2025-12-14,5,1000,True,2025-12-11 21:00:00+00:00,2025-12-12 04:52:00+00:00
2025-12-11,2025-12-13,6,1000,True,2025-12-11 21:00:00+00:00,2025-12-12 04:52:00+00:00
2025-12-11,2025-12-12,7,1000,True,2025-12-11 21:00:00+00:00,2025-12-12 04:52:00+00:00
2025-12-11,2025-12-12,8,1000,True,2025-12-11 21:00:00+00:00,2025-12-12 04:52:00+00:00
2025-12-12,2025-12-12,8,1000,True,2025-12-12 05:41:00+00:00,2025-12-12 11:00:42+00:00
2025-12-12,2025-12-13,7,1000,True,2025-12-12 14:16:53+00:00,2025-12-12 21:08:45+00:00
2025-12-12,2025-12-12,8,1000,True,2025-12-12 14:16:53+00:00,2025-12-12 21:08:45+00:00
2025-12-12,2025-12-13,8,939,False,2025-12-12 22:52:00+00:00,2025-12-13 07:30:00+00:00
2025-12-13,2025-12-14,6,1000,True,2025-12-13 07:30:00+00:00,2025-12-13 11:08:50+00:00
2025-12-13,2025-12-14,7,1000,True,2025-12-13 07:30:00+00:00,2025-12-13 11:08:50+00:00
2025-12-13,2025-12-13,8,1000,True,2025-12-13 07:30:00+00:00,2025-12-13 11:08:50+00:00
2025-12-13,2025-12-14,8,698,False,2025-12-13 16:07:34+00:00,2025-12-14 00:36:00+00:00
2025-12-14,2025-12-14,7,1000,True,2025-12-14 00:48:00+00:00,2025-12-14 11:09:34+00:00
2025-12-14,2025-12-14,8,617,False,2025-12-14 00:48:00+00:00,2025-12-14 09:22:00+00:00
2025-12-14,2025-12-14,8,1000,True,2025-12-14 09:22:00+00:00,2025-12-14 13:09:07+00:00
2025-12-14,2025-12-20,4,1000,True,2025-12-14 18:00:00+00:00,2025-12-15 08:10:00+00:00
2025-12-14,2025-12-17,5,1000,True,2025-12-14 18:00:00+00:00,2025-12-15 08:10:00+00:00
2025-12-14,2025-12-16,6,1000,True,2025-12-14 18:00:00+00:00,2025-12-15 08:10:00+00:00
2025-12-14,2025-12-15,7,1000,True,2025-12-14 18:00:00+00:00,2025-12-15 08:10:00+00:00
2025-12-14,2025-12-15,8,571,False,2025-12-14 18:00:00+00:00,2025-12-15 02:36:00+00:00
2025-12-15,2025-12-15,8,1000,True,2025-12-15 02:40:00+00:00,2025-12-15 11:08:41+00:00
2025-12-15,2025-12-16,7,1000,True,2025-12-15 11:18:00+00:00,2025-12-15 15:08:44+00:00
2025-12-15,2025-12-15,8,1000,True,2025-12-15 11:18:00+00:00,2025-12-15 15:08:44+00:00
2025-12-15,2025-12-16,8,1000,True,2025-12-15 19:53:15+00:00,2025-12-16 03:09:26+00:00
2025-12-16,2025-12-17,6,1000,True,2025-12-16 04:32:00+00:00,2025-12-16 11:09:42+00:00
2025-12-16,2025-12-16,7,1000,True,2025-12-16 04:32:00+00:00,2025-12-16 11:09:42+00:00
2025-12-16,2025-12-16,8,1000,True,2025-12-16 04:32:00+00:00,2025-12-16 11:09:42+00:00
2025-12-16,2025-12-16,8,1000,True,2025-12-16 13:07:41+00:00,2025-12-16 17:09:33+00:00
2025-12-16,2025-12-17,7,1000,True,2025-12-16 21:49:35+00:00,2025-12-17 08:08:40+00:00
2025-12-16,2025-12-17,8,842,False,2025-12-16 21:49:35+00:00,2025-12-17 06:21:07+00:00
2025-12-17,2025-12-17,8,1000,True,2025-12-17 06:23:00+00:00,2025-12-17 12:06:19+00:00
2025-12-17,2025-12-20,5,1000,True,2025-12-17 15:00:21+00:00,2025-12-17 22:07:47+00:00
2025-12-17,2025-12-19,6,1000,True,2025-12-17 15:00:21+00:00,2025-12-17 22:07:47+00:00
2025-12-17,2025-12-18,7,1000,True,2025-12-17 15:00:21+00:00,2025-12-17 22:07:47+00:00
2025-12-17,2025-12-17,8,1000,True,2025-12-17 15:00:21+00:00,2025-12-17 22:07:47+00:00
2025-12-17,2025-12-18,8,955,False,2025-12-17 23:52:38+00:00,2025-12-18 08:15:00+00:00
2025-12-18,2025-12-19,7,1000,True,2025-12-18 08:15:00+00:00,2025-12-18 12:09:18+00:00
2025-12-18,2025-12-18,8,1000,True,2025-12-18 08:15:00+00:00,2025-12-18 12:09:18+00:00
2025-12-18,2025-12-19,8,1000,True,2025-12-18 16:52:00+00:00,2025-12-18 23:09:49+00:00
2025-12-19,2025-12-20,6,1000,True,2025-12-19 01:30:00+00:00,2025-12-19 09:47:00+00:00
2025-12-19,2025-12-19,7,1000,True,2025-12-19 01:30:00+00:00,2025-12-19 09:47:00+00:00
2025-12-19,2025-12-19,8,1000,True,2025-12-19 01:30:00+00:00,2025-12-19 09:47:00+00:00
2025-12-19,2025-12-19,8,1000,True,2025-12-19 10:07:53+00:00,2025-12-19 14:08:00+00:00
2025-12-19,2025-12-20,7,1000,True,2025-12-19 18:45:00+00:00,2025-12-20 03:09:16+00:00
2025-12-19,2025-12-20,8,1000,True,2025-12-19 18:45:00+00:00,2025-12-20 03:09:16+00:00
2025-12-20,2025-12-20,8,1000,True,2025-12-20 03:22:00+00:00,2025-12-20 11:09:33+00:00
2025-12-20,2026-01-01,3,1000,True,2025-12-20 12:01:24+00:00,2025-12-20 22:42:00+00:00
2025-12-20,2025-12-26,4,1000,True,2025-12-20 12:01:24+00:00,2025-12-20 22:42:00+00:00
2025-12-20,2025-12-23,5,1000,True,2025-12-20 12:01:24+00:00,2025-12-20 22:42:00+00:00
2025-12-20,2025-12-21,6,1000,True,2025-12-20 12:01:24+00:00,2025-12-20 22:42:00+00:00
2025-12-20,2025-12-21,7,1000,True,2025-12-20 12:01:24+00:00,2025-12-20 22:42:00+00:00
2025-12-20,2025-12-20,8,881,False,2025-12-20 12:01:24+00:00,2025-12-20 20:34:04+00:00
2025-12-20,2025-12-21,8,471,False,2025-12-20 20:44:00+00:00,2025-12-21 05:10:20+00:00
2025-12-21,2025-12-21,7,1000,True,2025-12-21 05:16:32+00:00,2025-12-21 12:10:06+00:00
2025-12-21,2025-12-21,8,1000,True,2025-12-21 05:16:32+00:00,2025-12-21 12:10:06+00:00
2025-12-21,2025-12-21,8,542,False,2025-12-21 13:54:00+00:00,2025-12-21 22:30:00+00:00
2025-12-21,2025-12-23,6,1000,True,2025-12-21 22:30:00+00:00,2025-12-22 10:09:31+00:00
2025-12-21,2025-12-22,7,1000,True,2025-12-21 22:30:00+00:00,2025-12-22 10:09:31+00:00
2025-12-21,2025-12-22,8,531,False,2025-12-21 22:30:00+00:00,2025-12-22 07:06:00+00:00
2025-12-22,2025-12-22,8,1000,True,2025-12-22 07:08:23+00:00,2025-12-22 13:08:09+00:00
2025-12-22,2025-12-23,7,1000,True,2025-12-22 15:46:00+00:00,2025-12-22 23:08:53+00:00
2025-12-22,2025-12-23,8,1000,True,2025-12-22 15:46:00+00:00,2025-12-22 23:08:53+00:00
2025-12-23,2025-12-23,8,910,False,2025-12-23 00:24:00+00:00,2025-12-23 09:00:00+00:00
2025-12-23,2025-12-26,5,1000,True,2025-12-23 09:00:00+00:00,2025-12-23 13:09:32+00:00
2025-12-23,2025-12-24,6,1000,True,2025-12-23 09:00:00+00:00,2025-12-23 13:09:32+00:00
2025-12-23,2025-12-24,7,1000,True,2025-12-23 09:00:00+00:00,2025-12-23 13:09:32+00:00
2025-12-23,2025-12-23,8,1000,True,2025-12-23 09:00:00+00:00,2025-12-23 13:09:32+00:00
2025-12-23,2025-12-24,8,1000,True,2025-12-23 17:37:00+00:00,2025-12-24 02:13:04+00:00
2025-12-24,2025-12-24,7,1000,True,2025-12-24 02:16:00+00:00,2025-12-24 11:00:00+00:00
2025-12-24,2025-12-24,8,991,False,2025-12-24 02:16:00+00:00,2025-12-24 10:51:00+00:00
2025-12-24,2025-12-24,8,1000,True,2025-12-24 10:54:00+00:00,2025-12-24 17:07:36+00:00
2025-12-24,2025-12-26,6,1000,True,2025-12-24 19:36:00+00:00,2025-12-25 08:08:51+00:00
2025-12-24,2025-12-25,7,1000,True,2025-12-24 19:36:00+00:00,2025-12-25 08:08:51+00:00
2025-12-24,2025-12-25,8,627,False,2025-12-24 19:36:00+00:00,2025-12-25 04:07:00+00:00
2025-12-25,2025-12-25,8,1000,True,2025-12-25 04:07:00+00:00,2025-12-25 12:08:16+00:00
2025-12-25,2025-12-26,7,1000,True,2025-12-25 12:46:00+00:00,2025-12-26 03:08:33+00:00
2025-12-25,2025-12-25,8,705,False,2025-12-25 12:46:00+00:00,2025-12-25 21:22:00+00:00
2025-12-25,2025-12-26,8,441,False,2025-12-25 21:22:00+00:00,2025-12-26 05:52:17+00:00
2025-12-26,2026-01-01,4,1000,True,2025-12-26 06:02:00+00:00,2025-12-26 13:11:07+00:00
2025-12-26,2025-12-29,5,1000,True,2025-12-26 06:02:00+00:00,2025-12-26 13:11:07+00:00
2025-12-26,2025-12-27,6,1000,True,2025-12-26 06:02:00+00:00,2025-12-26 13:11:07+00:00
2025-12-26,2025-12-26,7,1000,True,2025-12-26 06:02:00+00:00,2025-12-26 13:11:07+00:00
2025-12-26,2025-12-26,8,1000,True,2025-12-26 06:02:00+00:00,2025-12-26 13:11:07+00:00
2025-12-26,2025-12-26,8,709,False,2025-12-26 14:38:00+00:00,2025-12-26 23:15:00+00:00
2025-12-26,2025-12-27,7,1000,True,2025-12-26 23:15:00+00:00,2025-12-27 11:30:00+00:00
2025-12-26,2025-12-27,8,553,False,2025-12-26 23:15:00+00:00,2025-12-27 07:51:58+00:00
2025-12-27,2025-12-27,8,888,False,2025-12-27 07:54:33+00:00,2025-12-27 16:23:39+00:00
2025-12-27,2025-12-29,6,1000,True,2025-12-27 16:35:40+00:00,2025-12-28 11:56:42+00:00
2025-12-27,2025-12-28,7,681,False,2025-12-27 16:35:40+00:00,2025-12-28 09:37:04+00:00
2025-12-28,2025-12-29,7,1000,True,2025-12-28 09:46:42+00:00,2025-12-29 00:09:18+00:00
2025-12-28,2025-12-28,8,795,False,2025-12-28 09:46:42+00:00,2025-12-28 18:11:04+00:00
2025-12-28,2025-12-29,8,300,False,2025-12-28 18:26:00+00:00,2025-12-29 03:00:00+00:00
2025-12-29,2026-01-01,5,1000,True,2025-12-29 03:00:00+00:00,2025-12-29 12:08:59+00:00
2025-12-29,2025-12-30,6,1000,True,2025-12-29 03:00:00+00:00,2025-12-29 12:08:59+00:00
2025-12-29,2025-12-29,7,1000,True,2025-12-29 03:00:00+00:00,2025-12-29 12:08:59+00:00
2025-12-29,2025-12-29,8,906,False,2025-12-29 03:00:00+00:00,2025-12-29 11:36:58+00:00
2025-12-29,2025-12-29,8,1000,True,2025-12-29 11:38:00+00:00,2025-12-29 18:34:03+00:00
2025-12-29,2025-12-30,7,1000,True,2025-12-29 20:15:00+00:00,2025-12-30 07:08:04+00:00
2025-12-29,2025-12-30,8,803,False,2025-12-29 20:15:00+00:00,2025-12-30 04:52:00+00:00
2025-12-30,2025-12-30,8,1000,True,2025-12-30 04:52:00+00:00,2025-12-30 11:09:27+00:00
2025-12-30,2026-01-01,6,1000,True,2025-12-30 13:32:27+00:00,2025-12-30 21:09:10+00:00
2025-12-30,2025-12-31,7,1000,True,2025-12-30 13:32:27+00:00,2025-12-30 21:09:10+00:00
2025-12-30,2025-12-30,8,1000,True,2025-12-30 13:32:27+00:00,2025-12-30 21:09:10+00:00
2025-12-30,2025-12-31,8,900,False,2025-12-30 22:07:36+00:00,2025-12-31 06:44:11+00:00
2025-12-31,2026-01-01,7,1000,True,2025-12-31 06:48:00+00:00,2025-12-31 12:04:00+00:00
2025-12-31,2025-12-31,8,1000,True,2025-12-31 06:48:00+00:00,2025-12-31 12:04:00+00:00
2025-12-31,2026-01-01,8,710,False,2025-12-31 15:24:00+00:00,2026-01-01 00:00:00+00:00
2026-01-01,2026-03-18,0,0,False,,
